Image,Letter,White_0_0,Black_0_0,White_0_1,Black_0_1,White_0_2,Black_0_2,White_1_0,Black_1_0,White_1_1,Black_1_1,White_1_2,Black_1_2,White_2_0,Black_2_0,White_2_1,Black_2_1,White_2_2,Black_2_2
char_699.png,O,10,2,6,6,10,2,6,6,11,1,6,6,6,6,8,4,5,7
char_1790.png,F,19,6,10,15,16,9,10,15,11,14,16,9,14,11,25,0,25,0
char_855.png,,42,6,33,15,41,7,44,4,27,21,45,3,47,1,46,2,48,0
char_869.png,N,16,4,11,9,17,3,9,11,5,15,9,11,11,9,16,4,14,6
char_1747.png,K,40,8,46,2,46,2,32,16,23,25,45,3,44,4,23,25,42,6
char_1021.png,F,7,5,7,5,5,7,11,1,4,8,4,8,11,1,3,9,6,6
char_896.png,G,15,1,7,9,14,2,9,7,16,0,8,8,11,5,8,8,4,12
char_1753.png,R,35,13,21,27,40,8,44,4,17,31,48,0,45,3,35,13,39,9
char_100.png,,47,1,37,11,48,0,34,14,37,11,48,0,44,4,48,0,48,0
char_114.png,,8,7,12,3,7,8,13,2,10,5,5,10,11,4,12,3,7,8
char_1009.png,S,16,0,7,9,8,8,16,0,9,7,11,5,10,6,8,8,8,8
char_1586.png,,42,6,37,11,47,1,40,8,28,20,48,0,46,2,39,9,42,6
char_1592.png,,44,4,22,26,35,13,40,8,21,27,39,9,48,0,31,17,44,4
char_1223.png,R,13,3,7,9,14,2,7,9,6,10,15,1,11,5,7,9,14,2
char_458.png,G,16,4,11,9,11,9,12,8,15,5,14,6,14,6,12,8,10,10
char_39.png,P,48,0,48,0,48,0,38,10,38,10,48,0,32,16,20,28,48,0
char_302.png,Y,11,5,16,0,12,4,8,8,10,6,13,3,11,5,13,3,16,0
char_470.png,R,15,5,7,13,18,2,7,13,12,8,20,0,11,9,11,9,13,7
char_289.png,,12,8,14,6,15,5,8,12,19,1,20,0,15,5,13,7,12,8
char_1380.png,S,12,3,14,1,15,0,7,8,15,0,15,0,5,10,5,10,1,14
char_1431.png,,12,8,9,11,15,5,15,5,8,12,10,10,14,6,10,10,18,2
char_1425.png,,19,5,24,0,22,2,15,9,16,8,16,8,13,11,8,16,9,15
char_538.png,,48,0,37,11,42,6,48,0,18,30,35,13,48,0,43,5,48,0
char_1343.png,,17,7,16,8,16,8,13,11,8,16,13,11,16,8,17,7,15,9
char_510.png,F,9,6,5,10,5,10,15,0,10,5,14,1,15,0,9,6,15,0
char_1419.png,R,16,4,9,11,10,10,8,12,8,12,15,5,12,8,13,7,10,10
char_262.png,S,16,0,8,8,11,5,16,0,11,5,10,6,8,8,8,8,9,7
char_935.png,Y,10,6,16,0,14,2,7,9,15,1,6,10,12,4,4,12,15,1
char_1196.png,I,12,8,7,13,10,10,19,1,10,10,20,0,20,0,12,8,20,0
char_1182.png,P,14,1,8,7,7,8,7,8,7,8,8,7,7,8,15,0,15,0
char_921.png,F,13,3,8,8,11,5,6,10,7,9,11,5,4,12,16,0,16,0
char_909.png,F,47,1,30,18,40,8,35,13,43,5,48,0,47,1,35,13,44,4
char_1800.png,V,36,12,38,10,39,9,36,12,38,10,41,7,44,4,23,25,48,0
char_1633.png,B,19,1,8,12,20,0,13,7,13,7,10,10,8,12,9,11,13,7
char_1155.png,S,10,6,6,10,9,7,12,4,7,9,13,3,12,4,11,5,8,8
char_1141.png,,43,5,36,12,40,8,42,6,23,25,46,2,45,3,25,23,40,8
char_712.png,,48,0,37,11,46,2,48,0,25,23,47,1,47,1,27,21,46,2
char_706.png,D,16,4,9,11,19,1,9,11,18,2,8,12,8,12,11,9,12,8
char_707.png,,3,0,1,2,0,3,3,0,2,1,0,3,3,0,0,3,0,3
char_1168.png,,43,5,26,22,47,1,48,0,26,22,43,5,46,2,30,18,44,4
char_1140.png,,44,4,35,13,47,1,48,0,30,18,47,1,34,14,33,15,48,0
char_1626.png,,2,0,1,1,1,1,2,0,0,2,0,2,2,0,0,2,2,0
char_1632.png,A,15,0,11,4,7,8,13,2,3,12,4,11,8,7,15,0,4,11
char_1154.png,M,18,6,15,9,17,7,13,11,10,14,12,12,19,5,20,4,17,7
char_1801.png,J,12,0,8,4,4,8,11,1,11,1,5,7,7,5,7,5,3,9
char_1815.png,K,9,7,14,2,10,6,11,5,4,12,15,1,6,10,8,8,14,2
char_920.png,,9,7,10,6,16,0,6,10,10,6,11,5,5,11,8,8,10,6
char_1418.png,,11,1,4,8,3,9,6,6,2,10,8,4,6,6,7,5,12,0
char_505.png,J,15,1,8,8,7,9,15,1,12,4,12,4,10,6,8,8,12,4
char_263.png,X,21,4,22,3,19,6,25,0,7,18,19,6,16,9,14,11,16,9
char_277.png,A,20,0,11,9,13,7,13,7,7,13,9,11,10,10,20,0,13,7
char_511.png,,16,0,15,1,9,7,14,2,9,7,15,1,8,8,16,0,16,0
char_539.png,G,12,4,8,8,13,3,8,8,14,2,7,9,13,3,8,8,7,9
char_1356.png,A,12,0,9,3,4,8,11,1,1,11,8,4,6,6,6,6,4,8
char_1430.png,A,12,0,9,3,4,8,9,3,2,10,2,10,5,7,10,2,4,8
char_1381.png,,21,3,13,11,14,10,12,12,10,14,12,12,16,8,19,5,17,7
char_1395.png,F,43,5,30,18,40,8,44,4,35,13,48,0,48,0,37,11,43,5
char_288.png,,11,5,6,10,12,4,11,5,7,9,11,5,9,7,8,8,8,8
char_471.png,V,19,6,24,1,15,10,15,10,15,10,24,1,19,6,19,6,25,0
char_317.png,,15,0,11,4,5,10,10,5,3,12,8,7,7,8,12,3,5,10
char_303.png,,16,4,13,7,19,1,13,7,12,8,13,7,15,5,10,10,11,9
char_465.png,G,20,0,10,10,14,6,18,2,16,4,18,2,14,6,10,10,19,1
char_1578.png,A,16,4,12,8,14,6,20,0,14,6,8,12,12,8,14,6,8,12
char_1550.png,,18,2,7,13,18,2,10,10,20,0,20,0,11,9,9,11,12,8
char_38.png,A,24,0,16,8,13,11,15,9,15,9,13,11,17,7,24,0,16,8
char_1236.png,U,13,3,16,0,10,6,9,7,16,0,7,9,10,6,6,10,9,7
char_1222.png,A,19,9,26,2,28,0,16,12,8,20,18,10,20,8,21,7,17,11
char_1593.png,G,16,4,12,8,9,11,6,14,15,5,9,11,15,5,9,11,5,15
char_1587.png,,45,3,37,11,40,8,46,2,22,26,48,0,44,4,25,23,48,0
char_1008.png,M,14,6,12,8,18,2,9,11,6,14,6,14,11,9,17,3,13,7
char_115.png,G,14,2,9,7,9,7,8,8,11,5,8,8,11,5,9,7,5,11
char_667.png,J,8,1,9,0,5,4,6,3,8,1,4,5,3,6,3,6,8,1
char_129.png,V,6,6,12,0,9,3,7,5,11,1,7,5,7,5,3,9,12,0
char_1034.png,,47,1,42,6,40,8,48,0,20,28,37,11,45,3,42,6,48,0
char_1752.png,G,13,3,8,8,6,10,6,10,7,9,6,10,9,7,4,12,0,16
char_897.png,V,43,5,47,1,48,0,46,2,36,12,36,12,47,1,32,16,47,1
char_883.png,C,48,0,37,11,45,3,38,10,40,8,48,0,47,1,34,14,47,1
char_1746.png,J,47,1,37,11,44,4,46,2,35,13,48,0,45,3,30,18,48,0
char_868.png,L,16,4,20,0,20,0,14,6,20,0,20,0,9,11,10,10,12,8
char_1785.png,T,38,10,34,14,39,9,40,8,33,15,48,0,43,5,34,14,46,2
char_840.png,V,10,6,16,0,13,3,8,8,14,2,8,8,13,3,4,12,15,1
char_1793.png,P,41,7,33,15,38,10,42,6,18,30,27,21,47,1,37,11,46,2
char_856.png,G,21,3,15,9,15,9,11,13,18,6,13,11,23,1,18,6,15,9
char_1787.png,,43,5,37,11,45,3,46,2,22,26,43,5,42,6,18,30,42,6
char_895.png,,15,1,11,5,16,0,7,9,7,9,11,5,9,7,11,5,8,8
char_1750.png,,46,2,22,26,37,11,45,3,27,21,33,15,48,0,47,1,48,0
char_1036.png,A,12,0,8,4,5,7,9,3,1,11,3,9,6,6,9,3,8,4
char_1744.png,N,9,6,4,11,11,4,6,9,2,13,6,9,7,8,7,8,0,15
char_659.png,,19,1,11,9,12,8,11,9,14,6,12,8,14,6,10,10,15,5
char_117.png,P,12,0,9,3,5,7,6,6,4,8,5,7,4,8,12,0,12,0
char_1778.png,,15,3,7,11,7,11,8,10,7,11,12,6,10,8,11,7,11,7
char_1585.png,BC,44,4,35,13,48,0,33,15,28,20,48,0,40,8,39,9,48,0
char_498.png,,8,4,4,8,7,5,3,9,11,1,12,0,10,2,6,6,7,5
char_329.png,,48,0,43,5,48,0,37,11,27,21,45,3,37,11,30,18,45,3
char_1552.png,,47,1,45,3,43,5,41,7,26,22,44,4,47,1,20,28,37,11
char_1546.png,X,14,2,14,2,8,8,16,0,4,12,13,3,10,6,6,10,15,1
char_1220.png,,12,4,6,10,8,8,16,0,8,8,13,3,9,7,6,10,12,4
char_1208.png,S,42,6,43,5,47,1,34,14,27,21,47,1,44,4,21,27,43,5
char_473.png,,14,6,12,8,12,8,16,4,6,14,11,9,18,2,9,11,11,9
char_301.png,R,11,5,7,9,14,2,4,12,9,7,15,1,11,5,8,8,10,6
char_1383.png,T,12,8,8,12,6,14,20,0,11,9,20,0,14,6,17,3,20,0
char_1397.png,D,47,1,36,12,41,7,48,0,26,22,41,7,46,2,26,22,47,1
char_1340.png,O,10,6,6,10,15,1,7,9,13,3,7,9,13,3,7,9,9,7
char_1426.png,A,14,2,13,3,7,9,12,4,1,15,14,2,13,3,13,3,12,4
char_1432.png,G,48,0,35,13,46,2,44,4,28,20,41,7,48,0,33,15,45,3
char_1354.png,,41,7,35,13,40,8,39,9,36,12,48,0,45,3,31,17,47,1
char_261.png,P,12,0,6,6,6,6,9,3,3,9,6,6,6,6,9,3,12,0
char_507.png,M,16,4,18,2,10,10,18,2,10,10,9,11,14,6,15,5,11,9
char_922.png,A,20,0,12,8,14,6,12,8,10,10,7,13,11,9,16,4,12,8
char_936.png,X,14,2,13,3,8,8,16,0,3,13,13,3,8,8,9,7,15,1
char_739.png,Z,17,3,8,12,20,0,14,6,7,13,12,8,12,8,11,9,14,6
char_1624.png,,14,2,6,10,10,6,11,5,3,13,9,7,6,10,11,5,11,5
char_1142.png,S,48,0,48,0,48,0,36,12,48,0,48,0,31,17,32,16,48,0
char_1618.png,Y,12,8,18,2,18,2,13,7,10,10,10,10,13,7,12,8,7,13
char_704.png,A,47,1,39,9,47,1,48,0,17,31,44,4,48,0,28,20,48,0
char_1157.png,,46,2,40,8,48,0,46,2,23,25,48,0,48,0,29,19,44,4
char_1631.png,,41,7,35,13,31,17,34,14,27,21,46,2,32,16,32,16,47,1
char_1625.png,,9,0,9,0,4,5,9,0,3,6,6,3,4,5,3,6,9,0
char_738.png,X,13,7,15,5,17,3,16,4,7,13,8,12,14,6,7,13,12,8
char_1143.png,M,48,0,48,0,46,2,34,14,21,27,38,10,40,8,41,7,39,9
char_1816.png,,9,3,4,8,9,3,4,8,7,5,9,3,8,4,1,11,3,9
char_1194.png,Y,9,7,16,0,13,3,8,8,14,2,7,9,14,2,3,13,15,1
char_937.png,F,11,4,9,6,7,8,11,4,5,10,8,7,8,7,9,6,9,6
char_923.png,,38,10,30,18,40,8,44,4,36,12,48,0,47,1,44,4,48,0
char_1180.png,S,44,4,33,15,46,2,46,2,35,13,48,0,37,11,31,17,47,1
char_512.png,X,20,0,15,5,18,2,20,0,8,12,10,10,14,6,8,12,18,2
char_1369.png,,15,10,25,0,23,2,14,11,9,16,16,9,14,11,11,14,15,10
char_260.png,,26,4,23,7,29,1,19,11,18,12,19,11,22,8,27,3,27,3
char_506.png,J,16,0,10,6,7,9,16,0,14,2,11,5,11,5,11,5,9,7
char_248.png,,43,5,43,5,48,0,37,11,34,14,48,0,45,3,32,16,48,0
char_1382.png,,16,4,11,9,13,7,11,9,13,7,12,8,11,9,7,13,10,10
char_466.png,Y,16,0,6,10,8,8,16,0,8,8,15,1,11,5,12,4,9,7
char_13.png,V,45,3,46,2,46,2,47,1,25,23,48,0,48,0,40,8,48,0
char_472.png,Y,10,5,15,0,9,6,12,3,8,7,2,13,10,5,10,5,7,8
char_1221.png,I,14,6,18,2,19,1,7,13,9,11,19,1,5,15,11,9,16,4
char_1553.png,F,10,10,9,11,11,9,11,9,6,14,11,9,9,11,10,10,20,0
char_1590.png,P,14,1,7,8,15,0,11,4,6,9,6,9,5,10,8,7,4,11
char_1779.png,F,42,6,35,13,42,6,37,11,19,29,38,10,38,10,40,8,47,1
char_658.png,A,9,6,15,0,14,1,4,11,14,1,11,4,7,8,7,8,9,6
char_1745.png,F,19,1,9,11,7,13,10,10,8,12,13,7,10,10,20,0,20,0
char_1751.png,P,39,9,27,21,40,8,33,15,33,15,48,0,40,8,48,0,48,0
char_843.png,X,11,5,14,2,11,5,13,3,3,13,15,1,9,7,7,9,16,0
char_1792.png,,48,0,44,4,47,1,33,15,29,19,35,13,39,9,32,16,46,2
char_853.png,X,42,6,35,13,48,0,34,14,47,1,48,0,46,2,32,16,48,0
char_847.png,,12,4,13,3,13,3,13,3,12,4,8,8,10,6,8,8,13,3
char_1782.png,,0,1,1,0,0,1,0,1,1,0,1,0,1,0,1,0,1,0
char_112.png,G,10,6,11,5,15,1,6,10,15,1,16,0,6,10,10,6,14,2
char_1769.png,Z,40,8,24,24,40,8,41,7,19,29,48,0,39,9,33,15,48,0
char_660.png,X,7,5,11,1,6,6,12,0,0,12,10,2,7,5,10,2,6,6
char_106.png,C,13,3,9,7,10,6,7,9,12,4,16,0,9,7,12,4,15,1
char_890.png,,48,0,45,3,48,0,40,8,27,21,40,8,43,5,41,7,48,0
char_1755.png,,16,9,22,3,18,7,10,15,10,15,24,1,17,8,11,14,17,8
char_884.png,F,48,0,46,2,46,2,45,3,18,30,45,3,42,6,41,7,48,0
char_489.png,,47,1,37,11,48,0,36,12,21,27,43,5,44,4,41,7,46,2
char_310.png,,20,0,15,5,11,9,18,2,5,15,13,7,12,8,10,10,9,11
char_1557.png,,14,6,15,5,17,3,8,12,7,13,17,3,14,6,14,6,6,14
char_1386.png,Y,10,6,16,0,12,4,12,4,7,9,7,9,16,0,6,10,16,0
char_1392.png,A,47,1,33,15,39,9,42,6,15,33,45,3,45,3,34,14,48,0
char_502.png,,8,8,16,0,11,5,5,11,10,6,7,9,9,7,11,5,8,8
char_1379.png,Y,40,8,44,4,48,0,41,7,22,26,47,1,42,6,38,10,39,9
char_1423.png,,10,6,3,13,11,5,8,8,3,13,10,6,7,9,12,4,13,3
char_258.png,J,14,2,7,9,11,5,15,1,9,7,16,0,11,5,5,11,14,2
char_1351.png,,18,6,18,6,17,7,15,9,9,15,16,8,18,6,16,8,17,7
char_1437.png,,15,1,9,7,9,7,6,10,14,2,16,0,14,2,8,8,8,8
char_1184.png,U,47,1,46,2,44,4,38,10,40,8,39,9,47,1,31,17,47,1
char_927.png,Y,15,1,7,9,13,3,8,8,16,0,7,9,13,3,8,8,8,8
char_933.png,Y,8,7,12,3,13,2,12,3,9,6,5,10,13,2,9,6,6,9
char_700.png,,17,7,20,4,22,2,16,8,11,13,15,9,22,2,18,6,12,12
char_1609.png,,18,0,13,5,16,2,6,12,6,12,4,14,11,7,8,10,8,10
char_1147.png,,48,0,48,0,48,0,48,0,28,20,43,5,48,0,28,20,38,10
char_1621.png,Y,16,0,6,10,8,8,16,0,13,3,10,6,9,7,8,8,12,4
char_1635.png,N,48,0,34,14,45,3,47,1,16,32,48,0,44,4,32,16,48,0
char_1153.png,,14,6,20,0,20,0,12,8,20,0,20,0,9,11,9,11,11,9
char_1634.png,S,41,7,32,16,39,9,34,14,26,22,44,4,34,14,18,30,42,6
char_1146.png,F,16,4,12,8,9,11,6,14,12,8,14,6,10,10,20,0,18,2
char_1620.png,C,10,5,13,2,15,0,7,8,15,0,15,0,6,9,1,14,7,8
char_1608.png,U,36,12,38,10,40,8,42,6,36,12,40,8,47,1,23,25,47,1
char_715.png,P,12,4,4,12,11,5,13,3,5,11,10,6,7,9,8,8,13,3
char_1191.png,,9,3,9,3,12,0,5,7,12,0,12,0,5,7,4,8,3,9
char_1813.png,,13,7,18,2,17,3,17,3,11,9,10,10,9,11,10,10,11,9
char_1350.png,,12,8,9,11,17,3,15,5,7,13,13,7,10,10,12,8,17,3
char_1422.png,,12,4,16,0,11,5,7,9,15,1,7,9,11,5,5,11,15,1
char_1344.png,,48,0,48,0,48,0,48,0,26,22,46,2,48,0,32,16,48,0
char_259.png,M,17,3,14,6,14,6,12,8,4,16,11,9,12,8,16,4,15,5
char_271.png,Y,9,7,16,0,13,3,9,7,12,4,9,7,13,3,6,10,16,0
char_517.png,Z,13,7,10,10,16,4,15,5,5,15,18,2,10,10,12,8,13,7
char_503.png,K,13,7,15,5,20,0,8,12,17,3,20,0,13,7,12,8,16,4
char_1378.png,S,11,9,11,9,12,8,19,1,13,7,13,7,14,6,11,9,19,1
char_1387.png,,14,6,9,11,14,6,15,5,5,15,12,8,12,8,10,10,13,7
char_339.png,,12,0,9,3,5,7,8,4,3,9,4,8,4,8,12,0,12,0
char_1224.png,,15,5,20,0,20,0,11,9,20,0,16,4,12,8,9,11,9,11
char_1542.png,U,10,6,16,0,9,7,8,8,16,0,6,10,9,7,4,12,11,5
char_1230.png,,13,3,16,0,12,4,13,3,6,10,10,6,9,7,8,8,16,0
char_1218.png,N,11,5,16,0,12,4,4,12,9,7,8,8,8,8,8,8,7,9
char_463.png,,10,6,16,0,12,4,7,9,9,7,2,14,9,7,7,9,3,13
char_885.png,A,20,0,10,10,12,8,12,8,8,12,10,10,16,4,13,7,16,4
char_1740.png,F,47,1,28,20,43,5,43,5,20,28,44,4,39,9,47,1,46,2
char_1026.png,F,48,0,43,5,47,1,47,1,21,27,44,4,44,4,31,17,47,1
char_1032.png,E,10,2,4,8,6,6,10,2,3,9,6,6,7,5,5,7,5,7
char_1754.png,J,16,0,10,6,7,9,15,1,12,4,12,4,10,6,9,7,8,8
char_891.png,J,19,1,9,11,12,8,19,1,15,5,20,0,13,7,11,9,20,0
char_649.png,,11,9,18,2,12,8,7,13,6,14,5,15,16,4,18,2,11,9
char_113.png,,17,3,16,4,20,0,12,8,20,0,20,0,10,10,10,10,10,10
char_1768.png,,43,5,43,5,47,1,43,5,25,23,48,0,45,3,27,21,46,2
char_1783.png,,14,2,8,8,12,4,7,9,16,0,16,0,11,5,7,9,9,7
char_852.png,A,20,0,12,8,12,8,14,6,8,12,7,13,10,10,13,7,14,6
char_1797.png,,38,10,26,22,31,17,46,2,33,15,46,2,48,0,39,9,48,0
char_878.png,S,14,2,14,2,10,6,14,2,5,11,10,6,10,6,5,11,14,2
char_844.png,,7,5,9,3,9,3,9,3,6,6,6,6,8,4,10,2,4,8
char_1781.png,K,37,11,31,17,35,13,38,10,15,33,45,3,39,9,17,31,40,8
char_1795.png,,12,0,5,7,4,8,4,8,3,9,5,7,5,7,12,0,12,0
char_688.png,U,46,2,48,0,48,0,36,12,30,18,34,14,48,0,40,8,36,12
char_1018.png,U,10,6,16,0,13,3,9,7,16,0,7,9,10,6,6,10,10,6
char_663.png,V,13,7,20,0,13,7,10,10,13,7,16,4,13,7,14,6,20,0
char_139.png,E,13,7,8,12,13,7,13,7,9,11,11,9,8,12,15,5,17,3
char_1024.png,C,44,4,43,5,47,1,47,1,29,19,48,0,48,0,31,17,41,7
char_1742.png,,20,0,9,11,7,13,13,7,10,10,5,15,12,8,20,0,11,9
char_887.png,K,48,0,37,11,48,0,46,2,29,19,48,0,48,0,32,16,46,2
char_1756.png,P,16,0,7,9,10,6,10,6,3,13,10,6,5,11,16,0,16,0
char_1030.png,R,46,2,41,7,48,0,41,7,30,18,48,0,46,2,38,10,48,0
char_1583.png,Y,12,4,12,4,9,7,15,1,2,14,15,1,8,8,11,5,16,0
char_1597.png,M,42,6,47,1,47,1,25,23,19,29,27,21,38,10,44,4,43,5
char_14.png,,48,0,48,0,48,0,38,10,32,16,39,9,39,9,29,19,38,10
char_461.png,,13,3,14,2,14,2,8,8,7,9,12,4,6,10,7,9,13,3
char_1568.png,,13,3,8,8,8,8,6,10,8,8,8,8,8,8,16,0,16,0
char_1385.png,U,11,5,16,0,10,6,8,8,16,0,6,10,11,5,8,8,8,8
char_298.png,X,22,3,23,2,14,11,22,3,6,19,22,3,20,5,17,8,25,0
char_501.png,P,12,3,9,6,7,8,5,10,9,6,11,4,8,7,15,0,15,0
char_529.png,,48,0,42,6,48,0,45,3,27,21,44,4,48,0,33,15,41,7
char_1434.png,G,17,3,13,7,15,5,10,10,18,2,9,11,19,1,11,9,5,15
char_1352.png,X,12,0,7,5,7,5,12,0,1,11,7,5,7,5,10,2,7,5
char_1420.png,,10,5,15,0,10,5,13,2,9,6,4,11,10,5,8,7,5,10
char_918.png,G,22,3,15,10,15,10,15,10,19,6,18,7,21,4,14,11,15,10
char_1193.png,U,12,4,16,0,11,5,8,8,16,0,8,8,11,5,8,8,6,10
char_1187.png,R,14,1,6,9,3,12,6,9,4,11,14,1,7,8,12,3,8,7
char_717.png,,15,5,16,4,16,4,10,10,11,9,17,3,9,11,11,9,17,3
char_1636.png,,14,2,7,9,12,4,5,11,16,0,16,0,12,4,8,8,5,11
char_1144.png,A,39,9,40,8,40,8,33,15,48,0,40,8,26,22,29,19,43,5
char_1623.png,X,13,3,15,1,9,7,11,5,6,10,15,1,7,9,7,9,16,0
char_1145.png,G,16,0,9,7,10,6,8,8,15,1,16,0,8,8,10,6,11,5
char_1151.png,,10,6,16,0,13,3,8,8,9,7,8,8,12,4,8,8,7,9
char_1179.png,,15,1,7,9,8,8,16,0,12,4,12,4,9,7,8,8,13,3
char_925.png,R,13,7,10,10,18,2,6,14,7,13,20,0,15,5,15,5,15,5
char_1810.png,S,44,4,40,8,48,0,48,0,21,27,48,0,46,2,23,25,45,3
char_1435.png,,48,0,41,7,41,7,47,1,24,24,47,1,39,9,31,17,48,0
char_528.png,C,13,3,8,8,11,5,7,9,16,0,16,0,14,2,7,9,9,7
char_266.png,R,14,2,6,10,14,2,7,9,5,11,14,2,7,9,10,6,11,5
char_500.png,M,15,1,7,9,14,2,8,8,8,8,5,11,8,8,6,10,12,4
char_514.png,,8,4,12,0,10,2,5,7,12,0,7,5,9,3,6,6,4,8
char_1409.png,,13,7,17,3,15,5,11,9,7,13,19,1,11,9,8,12,15,5
char_299.png,,16,4,16,4,13,7,18,2,10,10,9,11,13,7,14,6,8,12
char_1390.png,,20,0,15,5,10,10,18,2,5,15,18,2,11,9,15,5,19,1
char_1233.png,,11,4,11,4,13,2,10,5,9,6,12,3,9,6,4,11,7,8
char_1555.png,,38,10,43,5,40,8,44,4,26,22,48,0,44,4,31,17,48,0
char_1541.png,F,15,9,12,12,10,14,24,0,16,8,24,0,23,1,17,7,24,0
char_29.png,T,11,9,11,9,10,10,20,0,12,8,20,0,20,0,14,6,20,0
char_1227.png,S,9,7,9,7,12,4,10,6,16,0,8,8,13,3,8,8,10,6
char_474.png,O,13,3,7,9,10,6,8,8,16,0,8,8,11,5,8,8,11,5
char_460.png,R,48,0,43,5,48,0,44,4,30,18,38,10,38,10,42,6,44,4
char_15.png,,19,1,12,8,15,5,10,10,12,8,14,6,13,7,20,0,20,0
char_1582.png,Y,9,7,16,0,9,7,8,8,8,8,7,9,14,2,8,8,16,0
char_1757.png,S,46,2,23,25,35,13,43,5,24,24,47,1,48,0,47,1,48,0
char_1031.png,,44,4,34,14,40,8,48,0,23,25,46,2,48,0,29,19,45,3
char_1025.png,,40,8,31,17,40,8,48,0,18,30,45,3,48,0,29,19,45,3
char_886.png,,13,2,7,8,6,9,5,10,2,13,10,5,8,7,5,10,9,6
char_110.png,,15,5,18,2,16,4,9,11,11,9,5,15,13,7,12,8,14,6
char_1019.png,,15,5,20,0,12,8,15,5,6,14,18,2,10,10,12,8,20,0
char_662.png,S,7,5,5,7,7,5,11,1,7,5,9,3,8,4,6,6,4,8
char_689.png,J,16,0,7,9,9,7,16,0,10,6,12,4,10,6,7,9,10,6
char_1794.png,,42,6,30,18,40,8,34,14,32,16,48,0,39,9,29,19,47,1
char_845.png,Z,12,4,8,8,15,1,12,4,7,9,11,5,7,9,12,4,10,6
char_836.png,,8,4,12,0,12,0,3,9,12,0,12,0,3,9,8,4,9,3
char_1042.png,J,10,2,4,8,6,6,10,2,9,3,9,3,5,7,6,6,8,4
char_639.png,C,18,2,7,13,15,5,12,8,17,3,20,0,13,7,13,7,20,0
char_1724.png,R,18,2,11,9,15,5,12,8,6,14,17,3,10,10,14,6,8,12
char_1730.png,,6,6,12,0,7,5,10,2,2,10,8,4,5,7,3,9,8,4
char_1718.png,P,19,1,12,8,10,10,10,10,7,13,10,10,11,9,20,0,20,0
char_177.png,,11,4,5,10,14,1,8,7,15,0,15,0,11,4,6,9,7,8
char_1283.png,A,15,1,9,7,9,7,10,6,7,9,6,10,7,9,12,4,9,7
char_1297.png,,48,0,47,1,43,5,39,9,25,23,42,6,48,0,39,9,48,0
char_99.png,R,14,1,9,6,8,7,7,8,7,8,7,8,5,10,11,4,5,10
char_1526.png,,13,7,16,4,16,4,7,13,6,14,19,1,7,13,6,14,12,8
char_1240.png,V,41,7,28,20,39,9,41,7,20,28,44,4,42,6,45,3,44,4
char_1254.png,F,42,6,48,0,48,0,32,16,35,13,43,5,33,15,27,21,48,0
char_1532.png,,42,6,39,9,40,8,36,12,34,14,45,3,43,5,29,19,48,0
char_407.png,Z,13,7,9,11,16,4,17,3,8,12,15,5,11,9,12,8,18,2
char_361.png,,8,8,8,8,14,2,9,7,8,8,11,5,9,7,8,8,12,4
char_1268.png,Y,41,7,47,1,48,0,40,8,22,26,47,1,42,6,29,19,43,5
char_413.png,J,6,0,6,0,4,2,6,0,5,1,1,5,3,3,1,5,5,1
char_1491.png,,17,1,15,3,11,7,8,10,5,13,8,10,9,9,9,9,8,10
char_1485.png,B,42,6,33,15,48,0,32,16,28,20,48,0,32,16,29,19,48,0
char_1452.png,,47,1,42,6,40,8,38,10,37,11,39,9,40,8,25,23,39,9
char_229.png,Y,12,0,12,0,8,4,6,6,11,1,7,5,6,6,5,7,12,0
char_1334.png,L,13,7,19,1,13,7,11,9,8,12,16,4,8,12,8,12,15,5
char_573.png,G,19,1,10,10,12,8,9,11,18,2,9,11,15,5,12,8,8,12
char_215.png,E,12,4,8,8,13,3,13,3,5,11,9,7,9,7,8,8,8,8
char_942.png,,48,0,29,19,47,1,45,3,24,24,45,3,48,0,38,10,48,0
char_1687.png,,45,3,45,3,44,4,42,6,20,28,40,8,38,10,24,24,46,2
char_995.png,,48,0,39,9,47,1,38,10,30,18,48,0,40,8,36,12,48,0
char_1650.png,J,48,0,24,24,41,7,42,6,29,19,48,0,48,0,48,0,48,0
char_981.png,B,43,5,28,20,41,7,40,8,27,21,48,0,46,2,46,2,48,0
char_759.png,M,20,5,18,7,22,3,15,10,9,16,11,14,20,5,21,4,17,8
char_1122.png,U,8,8,15,1,14,2,6,10,16,0,11,5,13,3,8,8,6,10
char_765.png,O,15,1,9,7,16,0,9,7,14,2,10,6,12,4,8,8,10,6
char_1678.png,D,19,1,5,15,13,7,11,9,18,2,7,13,10,10,12,8,16,4
char_1679.png,K,21,4,22,3,25,0,13,12,11,14,23,2,10,15,10,15,20,5
char_758.png,,47,1,45,3,45,3,48,0,29,19,48,0,48,0,33,15,45,3
char_980.png,R,15,0,8,7,7,8,6,9,4,11,7,8,6,9,7,8,4,11
char_1137.png,,41,7,35,13,40,8,45,3,27,21,35,13,44,4,30,18,44,4
char_994.png,P,48,0,40,8,43,5,48,0,22,26,47,1,48,0,39,9,48,0
char_1686.png,G,15,5,8,12,11,9,11,9,13,7,13,7,7,13,4,16,7,13
char_1692.png,U,41,7,46,2,44,4,32,16,40,8,40,8,40,8,25,23,47,1
char_566.png,,43,5,45,3,48,0,37,11,30,18,48,0,44,4,25,23,48,0
char_572.png,O,48,0,48,0,48,0,44,4,28,20,40,8,48,0,32,16,44,4
char_214.png,,12,4,9,7,14,2,10,6,16,0,16,0,14,2,9,7,8,8
char_1309.png,X,16,0,16,0,13,3,16,0,7,9,7,9,12,4,6,10,12,4
char_1321.png,A,15,1,8,8,8,8,9,7,6,10,8,8,7,9,11,5,8,8
char_1447.png,B,41,7,40,8,38,10,41,7,20,28,44,4,48,0,38,10,48,0
char_1453.png,,10,10,20,0,20,0,7,13,17,3,15,5,9,11,10,10,17,3
char_1490.png,U,35,13,40,8,40,8,33,15,40,8,41,7,35,13,23,25,31,17
char_412.png,X,12,0,8,4,7,5,12,0,4,8,6,6,5,7,4,8,8,4
char_73.png,U,47,1,48,0,48,0,41,7,35,13,47,1,48,0,40,8,44,4
char_406.png,A,12,8,9,11,14,6,20,0,12,8,20,0,14,6,18,2,20,0
char_360.png,CD,14,2,7,9,15,1,8,8,15,1,4,12,8,8,8,8,12,4
char_1533.png,,21,3,17,7,22,2,13,11,16,8,16,8,18,6,12,12,15,9
char_1527.png,P,14,2,7,9,8,8,8,8,7,9,6,10,6,10,16,0,16,0
char_1241.png,,44,4,28,20,38,10,44,4,31,17,43,5,46,2,24,24,45,3
char_1296.png,P,11,1,5,7,5,7,4,8,3,9,6,6,2,10,12,0,12,0
char_1282.png,F,38,10,30,18,36,12,44,4,18,30,44,4,48,0,41,7,48,0
char_610.png,,12,4,16,0,16,0,9,7,16,0,16,0,9,7,8,8,8,8
char_604.png,,8,8,16,0,12,4,6,10,9,7,7,9,8,8,7,9,7,9
char_1719.png,,17,8,23,2,19,6,11,14,9,16,23,2,17,8,14,11,13,12
char_1731.png,Y,6,9,15,0,10,5,12,3,9,6,5,10,9,6,9,6,7,8
char_1043.png,Y,14,2,7,9,16,0,8,8,15,1,8,8,13,3,7,9,5,11
char_1725.png,V,44,4,44,4,42,6,40,8,21,27,46,2,48,0,34,14,48,0
char_638.png,,48,0,32,16,45,3,48,0,18,30,44,4,48,0,37,11,48,0
char_837.png,U,15,5,14,6,18,2,12,8,10,10,12,8,15,5,15,5,17,3
char_189.png,P,14,2,8,8,8,8,7,9,9,7,8,8,7,9,15,1,16,0
char_1094.png,,17,3,12,8,19,1,13,7,11,9,15,5,16,4,13,7,8,12
char_823.png,I,8,8,16,0,14,2,5,11,8,8,14,2,8,8,6,10,13,3
char_835.png,S,8,7,10,5,10,5,14,1,8,7,12,3,11,4,9,6,8,7
char_1082.png,,17,8,15,10,19,6,14,11,9,16,9,16,20,5,21,4,17,8
char_148.png,,15,1,12,4,16,0,8,8,16,0,16,0,9,7,8,8,8,8
char_1055.png,S,37,11,38,10,40,8,43,5,22,26,48,0,38,10,27,21,48,0
char_1733.png,Y,7,9,16,0,9,7,6,10,8,8,11,5,14,2,5,11,16,0
char_1727.png,X,42,6,33,15,48,0,46,2,25,23,48,0,47,1,41,7,48,0
char_1069.png,,36,12,31,17,40,8,40,8,26,22,48,0,41,7,32,16,48,0
char_612.png,P,11,1,5,7,5,7,7,5,5,7,6,6,6,6,12,0,12,0
char_389.png,A,15,1,8,8,10,6,9,7,8,8,10,6,8,8,15,1,7,9
char_1294.png,,44,4,34,14,43,5,31,17,29,19,48,0,42,6,31,17,42,6
char_1280.png,,15,0,9,6,7,8,8,7,5,10,5,10,5,10,9,6,5,10
char_1531.png,E,38,10,38,10,39,9,39,9,29,19,45,3,46,2,43,5,48,0
char_1257.png,,8,7,15,0,6,9,4,11,7,8,4,11,8,7,13,2,6,9
char_1243.png,,25,0,17,8,11,14,19,6,9,16,11,14,13,12,24,1,22,3
char_1525.png,J,20,0,13,7,7,13,19,1,20,0,12,8,12,8,14,6,11,9
char_438.png,O,10,6,8,8,11,5,11,5,16,0,8,8,13,3,8,8,12,4
char_376.png,,8,1,3,6,4,5,4,5,5,4,3,6,9,0,4,5,4,5
char_362.png,,10,2,10,2,8,4,5,7,5,7,1,11,6,6,6,6,3,9
char_404.png,O,9,3,6,6,8,4,8,4,8,4,6,6,5,7,8,4,6,6
char_71.png,,15,1,9,7,8,8,8,8,15,1,16,0,11,5,8,8,8,8
char_1519.png,,15,5,11,9,11,9,12,8,14,6,17,3,13,7,4,16,11,9
char_1492.png,X,20,5,13,12,17,8,15,10,15,10,14,11,15,10,13,12,13,12
char_1445.png,J,16,0,9,7,6,10,16,0,15,1,7,9,9,7,7,9,9,7
char_1479.png,,42,6,46,2,47,1,36,12,21,27,31,17,40,8,44,4,38,10
char_216.png,F,18,2,11,9,13,7,5,15,12,8,16,4,12,8,20,0,20,0
char_570.png,,46,2,48,0,48,0,36,12,43,5,48,0,32,16,27,21,47,1
char_799.png,,45,3,45,3,48,0,46,2,25,23,48,0,45,3,31,17,48,0
char_941.png,D,13,7,9,11,17,3,10,10,20,0,7,13,8,12,12,8,17,3
char_1684.png,J,19,1,10,10,11,9,17,3,11,9,17,3,13,7,9,11,13,7
char_955.png,,15,5,20,0,20,0,12,8,20,0,20,0,10,10,10,10,11,9
char_969.png,S,13,3,5,11,11,5,7,9,14,2,8,8,14,2,9,7,7,9
char_1121.png,,16,0,10,6,16,0,9,7,14,2,16,0,6,10,8,8,7,9
char_996.png,,40,8,27,21,37,11,48,0,32,16,48,0,44,4,32,16,48,0
char_1653.png,,9,6,15,0,15,0,8,7,15,0,15,0,4,11,5,10,5,10
char_1135.png,,47,1,40,8,48,0,36,12,30,18,48,0,37,11,35,13,48,0
char_766.png,P,10,2,5,7,6,6,4,8,6,6,5,7,5,7,12,0,12,0
char_772.png,C,14,10,10,14,11,13,24,0,16,8,24,0,24,0,18,6,24,0
char_773.png,Y,9,7,16,0,12,4,7,9,13,3,8,8,8,8,7,9,16,0
char_1108.png,G,19,1,12,8,15,5,10,10,12,8,12,8,15,5,12,8,5,15
char_767.png,S,11,4,10,5,11,4,14,1,9,6,10,5,12,3,10,5,7,8
char_983.png,A,20,0,13,7,9,11,14,6,10,10,6,14,12,8,17,3,11,9
char_1646.png,,36,12,37,11,37,11,38,10,22,26,33,15,38,10,29,19,41,7
char_954.png,A,16,0,9,7,9,7,15,1,4,12,8,8,9,7,14,2,9,7
char_1691.png,,40,8,35,13,36,12,40,8,24,24,40,8,48,0,38,10,48,0
char_940.png,C,45,9,41,13,46,8,34,20,54,0,48,6,43,11,42,12,48,6
char_217.png,D,17,3,11,9,20,0,11,9,17,3,11,9,10,10,11,9,15,5
char_1478.png,,42,6,39,9,40,8,38,10,48,0,48,0,34,14,34,14,48,0
char_1336.png,P,15,0,7,8,6,9,9,6,5,10,8,7,9,6,12,3,15,0
char_1450.png,U,47,1,46,2,47,1,36,12,39,9,42,6,45,3,27,21,48,0
char_1444.png,E,12,8,17,3,13,7,8,12,8,12,18,2,16,4,11,9,11,9
char_1322.png,S,46,2,40,8,43,5,46,2,16,32,36,12,48,0,17,31,47,1
char_1493.png,R,16,4,8,12,17,3,6,14,9,11,20,0,9,11,9,11,15,5
char_1487.png,B,36,12,27,21,36,12,44,4,31,17,48,0,48,0,39,9,48,0
char_363.png,E,12,3,15,0,15,0,9,6,15,0,15,0,8,7,10,5,10,5
char_1518.png,,40,8,40,8,37,11,34,14,48,0,45,3,35,13,32,16,41,7
char_411.png,A,8,4,12,0,10,2,6,6,10,2,6,6,7,5,4,8,6,6
char_64.png,F,48,0,47,1,42,6,34,14,37,11,48,0,32,16,43,5,48,0
char_1524.png,,35,13,35,13,39,9,42,6,21,27,34,14,42,6,32,16,45,3
char_1530.png,S,10,6,7,9,13,3,6,10,16,0,6,10,12,4,7,9,7,9
char_1281.png,,42,6,42,6,46,2,27,21,42,6,48,0,36,12,36,12,48,0
char_388.png,,42,6,33,15,44,4,36,12,25,23,48,0,41,7,44,4,48,0
char_607.png,,8,8,15,1,8,8,7,9,6,10,14,2,6,10,8,8,14,2
char_161.png,J,3,0,3,0,1,2,3,0,3,0,0,3,1,2,0,3,1,2
char_1068.png,,47,1,35,13,40,8,35,13,43,5,48,0,44,4,31,17,47,1
char_1040.png,,11,5,11,5,16,0,10,6,10,6,8,8,8,8,3,13,5,11
char_1054.png,E,46,2,40,8,44,4,48,0,21,27,48,0,44,4,38,10,46,2
char_149.png,C,15,0,9,6,6,9,8,7,11,4,13,2,9,6,12,3,15,0
char_1732.png,,13,7,9,11,17,3,14,6,6,14,11,9,14,6,9,11,12,8
char_808.png,,2,0,1,1,1,1,2,0,0,2,0,2,2,0,1,1,0,2
char_820.png,A,16,0,9,7,9,7,9,7,4,12,8,8,6,10,13,3,12,4
char_1083.png,,8,1,4,5,4,5,4,5,9,0,2,7,4,5,6,3,4,5
char_834.png,P,11,1,5,7,6,6,8,4,4,8,4,8,4,8,12,0,12,0
char_818.png,G,20,0,13,7,12,8,12,8,15,5,15,5,15,5,13,7,5,15
char_830.png,C,15,1,6,10,13,3,7,9,14,2,16,0,14,2,9,7,8,8
char_1087.png,J,18,2,7,13,12,8,17,3,12,8,20,0,14,6,9,11,20,0
char_617.png,V,10,6,16,0,14,2,8,8,16,0,8,8,12,4,6,10,15,1
char_1078.png,H,46,2,36,12,46,2,35,13,23,25,31,17,43,5,44,4,40,8
char_603.png,O,42,6,34,14,46,2,37,11,40,8,36,12,42,6,34,14,45,3
char_1736.png,,48,0,47,1,47,1,46,2,22,26,48,0,39,9,30,18,48,0
char_1044.png,F,43,5,40,8,42,6,48,0,28,20,43,5,48,0,43,5,48,0
char_159.png,X,14,2,14,2,12,4,15,1,5,11,11,5,10,6,10,6,9,7
char_1285.png,M,35,13,39,9,40,8,31,17,23,25,26,22,33,15,38,10,38,10
char_398.png,,20,0,10,10,11,9,18,2,13,7,20,0,14,6,12,8,20,0
char_373.png,Z,13,7,12,8,13,7,18,2,7,13,13,7,13,7,12,8,13,7
char_1508.png,A,14,2,7,9,12,4,9,7,7,9,7,9,7,9,11,5,4,12
char_1252.png,M,41,7,38,10,39,9,35,13,18,30,33,15,35,13,42,6,37,11
char_429.png,F,13,3,9,7,8,8,7,9,8,8,12,4,6,10,16,0,16,0
char_1534.png,,12,4,9,7,8,8,11,5,8,8,12,4,10,6,8,8,13,3
char_48.png,X,20,0,15,5,13,7,20,0,9,11,13,7,13,7,14,6,12,8
char_1520.png,M,44,4,35,13,38,10,32,16,20,28,36,12,42,6,39,9,45,3
char_1246.png,K,47,1,26,22,42,6,45,3,33,15,48,0,41,7,41,7,48,0
char_1483.png,,46,2,32,16,40,8,36,12,29,19,43,5,36,12,26,22,41,7
char_575.png,,11,9,20,0,17,3,11,9,8,12,16,4,11,9,8,12,14,6
char_1468.png,,42,6,37,11,48,0,35,13,14,34,41,7,37,11,38,10,46,2
char_1326.png,,17,3,9,11,13,7,5,15,12,8,17,3,7,13,18,2,18,2
char_1440.png,D,11,5,7,9,13,3,5,11,14,2,4,12,8,8,6,10,13,3
char_1454.png,O,12,4,4,12,11,5,7,9,16,0,5,11,13,3,6,10,7,9
char_1332.png,,35,13,34,14,38,10,40,8,21,27,33,15,38,10,28,20,40,8
char_978.png,C,39,9,29,19,40,8,28,20,48,0,48,0,41,7,32,16,45,3
char_1681.png,,48,0,47,1,47,1,37,11,27,21,36,12,38,10,32,16,34,14
char_1130.png,X,8,4,11,1,7,5,10,2,2,10,9,3,6,6,4,8,12,0
char_993.png,Y,48,0,48,0,48,0,46,2,27,21,39,9,48,0,31,17,43,5
char_986.png,F,9,3,5,7,5,7,3,9,6,6,6,6,3,9,11,1,12,0
char_762.png,R,20,0,12,8,15,5,10,10,8,12,17,3,7,13,17,3,12,8
char_1119.png,S,12,4,8,8,9,7,8,8,16,0,9,7,14,2,9,7,8,8
char_1694.png,X,42,6,43,5,48,0,42,6,23,25,48,0,43,5,37,11,48,0
char_1680.png,P,48,0,48,0,48,0,36,12,48,0,48,0,37,11,30,18,48,0
char_979.png,P,38,10,29,19,40,8,46,2,28,20,39,9,45,3,32,16,47,1
char_548.png,B,11,1,12,0,10,2,12,0,12,0,6,6,9,3,8,4,6,6
char_1455.png,,19,1,10,10,9,11,15,5,9,11,12,8,13,7,8,12,10,10
char_1333.png,I,10,6,6,10,6,10,15,1,8,8,16,0,8,8,8,8,16,0
char_1441.png,M,42,6,46,2,48,0,28,20,25,23,29,19,30,18,35,13,40,8
char_1469.png,S,40,8,39,9,37,11,36,12,23,25,45,3,41,7,25,23,38,10
char_574.png,,4,0,1,3,1,3,4,0,0,4,0,4,4,0,2,2,0,4
char_206.png,A,20,0,10,10,12,8,12,8,9,11,11,9,10,10,20,0,8,12
char_560.png,R,20,0,13,7,10,10,18,2,9,11,8,12,10,10,12,8,8,12
char_1482.png,J,16,0,9,7,6,10,16,0,9,7,14,2,12,4,6,10,12,4
char_49.png,,15,1,8,8,8,8,8,8,11,5,15,1,7,9,14,2,16,0
char_1247.png,,42,6,40,8,40,8,39,9,25,23,48,0,41,7,26,22,42,6
char_75.png,,15,1,9,7,10,6,7,9,15,1,14,2,7,9,8,8,15,1
char_400.png,C,12,0,6,6,10,2,5,7,11,1,12,0,9,3,6,6,7,5
char_366.png,J,15,1,7,9,9,7,14,2,9,7,15,1,9,7,8,8,12,4
char_372.png,M,16,4,17,3,12,8,19,1,8,12,8,12,13,7,15,5,9,11
char_399.png,,4,0,3,1,0,4,4,0,0,4,0,4,4,0,3,1,1,3
char_1290.png,H,4,0,4,0,1,3,4,0,4,0,0,4,4,0,2,2,0,4
char_158.png,A,10,2,12,0,7,5,9,3,8,4,8,4,6,6,6,6,12,0
char_1045.png,U,41,7,41,7,40,8,43,5,39,9,39,9,46,2,28,20,48,0
char_1723.png,U,44,4,44,4,38,10,34,14,40,8,40,8,43,5,27,21,45,3
char_1737.png,,41,7,20,28,33,15,48,0,23,25,37,11,48,0,30,18,48,0
char_602.png,F,12,4,7,9,10,6,8,8,7,9,12,4,5,11,16,0,16,0
char_616.png,R,17,3,11,9,15,5,8,12,2,18,15,5,11,9,19,1,13,7
char_170.png,R,15,0,9,6,8,7,8,7,6,9,7,8,5,10,10,5,3,12
char_1084.png,,12,0,7,5,6,6,5,7,5,7,5,7,4,8,12,0,12,0
char_1090.png,,46,2,48,0,47,1,39,9,38,10,40,8,48,0,35,13,48,0
char_833.png,J,20,0,10,10,13,7,15,5,14,6,18,2,15,5,8,12,18,2
char_1721.png,,21,3,18,6,23,1,13,11,18,6,15,9,15,9,9,15,15,9
char_1047.png,,19,1,13,7,18,2,10,10,8,12,11,9,12,8,19,1,20,0
char_1053.png,S,15,1,9,7,9,7,16,0,7,9,13,3,11,5,12,4,7,9
char_1735.png,C,42,6,31,17,48,0,33,15,36,12,44,4,48,0,42,6,47,1
char_1292.png,P,44,4,34,14,43,5,32,16,35,13,48,0,43,5,48,0,48,0
char_402.png,P,14,1,7,8,6,9,6,9,7,8,10,5,7,8,15,0,15,0
char_77.png,Z,18,2,11,9,17,3,16,4,8,12,9,11,12,8,7,13,14,6
char_63.png,A,19,1,11,9,12,8,11,9,12,8,10,10,14,6,20,0,16,4
char_370.png,Y,7,5,12,0,12,0,5,7,11,1,7,5,11,1,4,8,6,6
char_358.png,,15,9,20,4,21,3,7,17,18,6,24,0,17,7,16,8,17,7
char_1245.png,,23,1,16,8,17,7,13,11,20,4,9,15,20,4,15,9,14,10
char_1523.png,,46,2,46,2,45,3,28,20,39,9,41,7,41,7,29,19,47,1
char_1251.png,,47,1,46,2,40,8,38,10,48,0,48,0,31,17,27,21,48,0
char_589.png,K,4,2,5,1,4,2,5,1,1,5,2,4,4,2,1,5,1,5
char_576.png,,14,2,7,9,9,7,4,12,7,9,14,2,9,7,16,0,16,0
char_562.png,A,16,0,13,3,6,10,14,2,3,13,11,5,8,8,14,2,5,11
char_1319.png,,46,2,39,9,47,1,39,9,41,7,48,0,44,4,32,16,48,0
char_1331.png,,48,0,38,10,48,0,48,0,27,21,35,13,48,0,39,9,44,4
char_1457.png,S,20,0,12,8,10,10,18,2,9,11,19,1,14,6,12,8,16,4
char_1443.png,,9,7,15,1,13,3,5,11,10,6,8,8,8,8,6,10,4,12
char_1325.png,,11,5,10,6,16,0,7,9,9,7,10,6,7,9,10,6,7,9
char_1669.png,,42,6,39,9,48,0,31,17,38,10,48,0,33,15,26,22,40,8
char_760.png,A,12,3,12,3,13,2,8,7,9,6,9,6,9,6,7,8,9,6
char_990.png,,23,1,15,9,17,7,12,12,9,15,7,17,11,13,15,9,9,15
char_748.png,,48,0,42,6,48,0,48,0,35,13,48,0,48,0,42,6,48,0
char_1655.png,,19,1,9,11,17,3,7,13,8,12,19,1,15,5,12,8,12,8
char_1127.png,J,14,2,16,0,8,8,10,6,12,4,6,10,12,4,7,9,10,6
char_1641.png,A,47,1,46,2,44,4,31,17,38,10,43,5,38,10,25,23,48,0
char_985.png,D,14,2,7,9,16,0,9,7,12,4,6,10,7,9,9,7,6,10
char_1640.png,,14,2,6,10,7,9,5,11,11,5,14,2,3,13,10,6,6,10
char_1654.png,O,14,2,6,10,13,3,7,9,15,1,6,10,9,7,7,9,5,11
char_749.png,C,18,2,7,13,19,1,10,10,20,0,20,0,14,6,12,8,12,8
char_1683.png,,12,3,7,8,9,6,5,10,6,9,4,11,6,9,5,10,3,12
char_1456.png,,17,3,16,4,17,3,17,3,10,10,10,10,12,8,17,3,10,10
char_563.png,,9,7,11,5,16,0,8,8,11,5,11,5,8,8,11,5,6,10
char_1481.png,J,47,1,31,17,41,7,44,4,23,25,35,13,48,0,48,0,48,0
char_1495.png,K,47,1,42,6,47,1,48,0,20,28,47,1,48,0,42,6,48,0
char_588.png,,10,6,16,0,14,2,7,9,15,1,11,5,15,1,9,7,10,6
char_1536.png,J,43,5,48,0,44,4,33,15,35,13,35,13,45,3,31,17,31,17
char_1244.png,,12,13,14,11,23,2,13,12,15,10,14,11,8,17,14,11,24,1
char_359.png,P,15,0,7,8,7,8,8,7,7,8,8,7,4,11,15,0,15,0
char_1522.png,,7,1,0,8,5,3,4,4,4,4,8,0,4,4,4,4,8,0
char_371.png,Y,11,5,16,0,13,3,9,7,14,2,8,8,11,5,5,11,15,1
char_365.png,M,12,8,14,6,14,6,10,10,8,12,9,11,12,8,10,10,13,7
char_76.png,,2,0,1,1,1,1,2,0,0,2,1,1,2,0,0,2,2,0
char_403.png,,18,2,7,13,16,4,6,14,12,8,19,1,13,7,13,7,13,7
char_1293.png,,37,11,26,22,39,9,35,13,23,25,39,9,42,6,47,1,48,0
char_1287.png,K,18,7,24,1,22,3,8,17,13,12,24,1,14,11,12,13,16,9
char_1052.png,R,17,3,7,13,17,3,8,12,10,10,20,0,16,4,16,4,12,8
char_1720.png,M,19,6,11,14,21,4,13,12,12,13,11,14,22,3,19,6,13,12
char_1708.png,N,34,14,33,15,40,8,31,17,12,36,43,5,34,14,26,22,43,5
char_615.png,Y,12,8,18,2,17,3,11,9,7,13,6,14,20,0,13,7,17,3
char_832.png,U,45,3,45,3,44,4,42,6,36,12,40,8,48,0,42,6,48,0
char_1085.png,R,16,4,10,10,15,5,7,13,7,13,16,4,10,10,10,10,16,4
char_198.png,Y,14,6,20,0,12,8,11,9,12,8,17,3,20,0,11,9,20,0
char_803.png,Y,9,7,16,0,14,2,9,7,14,2,6,10,11,5,4,12,15,1
char_181.png,K,12,8,18,2,15,5,7,13,15,5,20,0,10,10,11,9,12,8
char_1063.png,Z,9,7,9,7,13,3,10,6,5,11,10,6,8,8,10,6,14,2
char_1705.png,,42,6,30,18,36,12,42,6,17,31,46,2,33,15,41,7,47,1
char_1711.png,S,16,4,10,10,8,12,7,13,11,9,6,14,14,6,6,14,3,17
char_1077.png,,44,4,41,7,48,0,42,6,39,9,44,4,47,1,32,16,43,5
char_1739.png,,15,5,7,13,18,2,10,10,20,0,20,0,10,10,8,12,11,9
char_156.png,S,14,2,8,8,9,7,16,0,7,9,16,0,11,5,8,8,12,4
char_90.png,V,9,7,7,9,7,9,16,0,7,9,16,0,16,0,12,4,16,0
char_1507.png,F,42,6,37,11,35,13,46,2,28,20,46,2,48,0,27,21,41,7
char_1261.png,M,23,1,15,9,14,10,12,12,8,16,11,13,13,11,18,6,15,9
char_368.png,,10,2,3,9,8,4,4,8,4,8,11,1,5,7,5,7,6,6
char_1513.png,,15,1,10,6,7,9,7,9,13,3,16,0,6,10,11,5,12,4
char_53.png,F,15,10,14,11,23,2,18,7,8,17,18,7,17,8,13,12,12,13
char_426.png,K,12,8,17,3,16,4,6,14,13,7,20,0,13,7,12,8,12,8
char_1249.png,Y,11,5,9,7,16,0,7,9,10,6,8,8,5,11,5,11,8,8
char_354.png,A,16,0,11,5,9,7,12,4,7,9,8,8,8,8,13,3,7,9
char_432.png,,2,0,1,1,2,0,2,0,0,2,0,2,2,0,0,2,2,0
char_47.png,O,12,4,13,3,16,0,8,8,16,0,16,0,11,5,12,4,12,4
char_1498.png,T,12,8,9,11,7,13,20,0,12,8,20,0,20,0,11,9,20,0
char_1473.png,,10,8,15,3,11,7,6,12,6,12,8,10,14,4,13,5,6,12
char_1315.png,L,2,0,2,0,1,1,2,0,0,2,0,2,2,0,1,1,1,1
char_1301.png,R,16,9,12,13,25,0,7,18,13,12,25,0,17,8,14,11,15,10
char_1467.png,D,11,5,8,8,16,0,6,10,12,4,10,6,5,11,7,9,10,6
char_1329.png,,45,3,40,8,40,8,36,12,35,13,37,11,39,9,27,21,47,1
char_220.png,J,12,0,6,6,5,7,10,2,12,0,4,8,7,5,6,6,4,8
char_546.png,O,15,1,10,6,9,7,8,8,14,2,11,5,13,3,9,7,7,9
char_977.png,,48,0,33,15,48,0,43,5,19,29,48,0,45,3,29,19,48,0
char_963.png,A,14,2,12,4,16,0,7,9,8,8,13,3,8,8,10,6,8,8
char_793.png,,47,1,28,20,48,0,45,3,23,25,48,0,48,0,37,11,45,3
char_787.png,D,10,6,9,7,13,3,7,9,16,0,6,10,6,10,8,8,8,8
char_1671.png,A,16,0,9,7,8,8,15,1,4,12,4,12,7,9,14,2,5,11
char_1665.png,V,8,8,16,0,10,6,5,11,10,6,10,6,10,6,7,9,16,0
char_1103.png,,16,0,8,8,7,9,12,4,6,10,6,10,9,7,16,0,7,9
char_988.png,F,46,2,42,6,42,6,47,1,24,24,42,6,42,6,27,21,48,0
char_750.png,G,14,6,11,9,20,0,12,8,17,3,9,11,10,10,10,10,18,2
char_1659.png,,17,3,14,6,11,9,8,12,11,9,9,11,11,9,8,12,11,9
char_745.png,,40,8,38,10,40,8,35,13,24,24,48,0,39,9,22,26,45,3
char_1658.png,A,15,0,8,7,15,0,11,4,6,9,13,2,6,9,7,8,6,9
char_751.png,F,13,3,7,9,10,6,5,11,8,8,13,3,8,8,15,1,16,0
char_989.png,,40,8,37,11,39,9,47,1,8,40,43,5,48,0,28,20,48,0
char_1664.png,U,10,6,16,0,12,4,6,10,16,0,8,8,10,6,7,9,4,12
char_779.png,A,40,8,35,13,38,10,48,0,24,24,36,12,48,0,35,13,35,13
char_1670.png,D,40,8,41,7,41,7,40,8,22,26,42,6,34,14,27,21,45,3
char_786.png,C,15,5,10,10,14,6,12,8,20,0,20,0,15,5,14,6,16,4
char_792.png,,10,6,13,3,10,6,6,10,12,4,16,0,7,9,10,6,12,4
char_976.png,A,48,0,40,8,42,6,48,0,22,26,40,8,45,3,33,15,46,2
char_221.png,,14,2,14,2,16,0,8,8,16,0,16,0,7,9,8,8,10,6
char_547.png,R,13,7,10,10,17,3,5,15,9,11,19,1,13,7,14,6,12,8
char_553.png,,25,0,19,6,17,8,22,3,10,15,21,4,17,8,24,1,21,4
char_1328.png,M,45,3,48,0,48,0,29,19,20,28,42,6,37,11,31,17,43,5
char_235.png,,14,4,18,0,18,0,12,6,12,6,14,4,9,9,7,11,12,6
char_1466.png,A,16,0,8,8,6,10,12,4,4,12,7,9,6,10,15,1,5,11
char_584.png,Y,10,6,16,0,11,5,9,7,9,7,15,1,10,6,11,5,16,0
char_1499.png,,12,8,12,8,20,0,15,5,10,10,16,4,14,6,15,5,9,11
char_355.png,B,15,0,7,8,8,7,10,5,6,9,4,11,6,9,10,5,8,7
char_1248.png,C,16,0,10,6,9,7,8,8,14,2,16,0,10,6,5,11,13,3
char_433.png,,18,2,11,9,14,6,8,12,12,8,17,3,9,11,20,0,20,0
char_52.png,,12,8,9,11,13,7,20,0,12,8,20,0,20,0,14,6,20,0
char_341.png,A,17,8,14,11,13,12,24,1,15,10,25,0,19,6,22,3,25,0
char_1274.png,,13,7,7,13,20,0,10,10,8,12,14,6,11,9,12,8,14,6
char_369.png,S,16,0,5,11,10,6,15,1,11,5,11,5,10,6,8,8,7,9
char_1512.png,,12,8,7,13,4,16,6,14,10,10,9,11,8,12,18,2,19,1
char_1506.png,K,44,4,18,30,48,0,42,6,24,24,48,0,43,5,33,15,48,0
char_1260.png,,47,1,38,10,48,0,35,13,28,20,48,0,38,10,31,17,48,0
char_85.png,,16,4,17,3,20,0,7,13,15,5,13,7,15,5,11,9,11,9
char_157.png,,2,0,1,1,1,1,2,0,0,2,0,2,2,0,2,0,0,2
char_143.png,R,19,1,9,11,13,7,11,9,8,12,19,1,12,8,14,6,12,8
char_1738.png,R,14,6,11,9,11,9,6,14,5,15,16,4,9,11,8,12,16,4
char_1710.png,F,18,2,9,11,10,10,7,13,7,13,10,10,7,13,20,0,20,0
char_1076.png,K,13,7,17,3,17,3,7,13,9,11,15,5,13,7,11,9,12,8
char_1062.png,,16,4,13,7,15,5,19,1,11,9,5,15,13,7,14,6,10,10
char_1704.png,,40,8,35,13,40,8,48,0,23,25,38,10,48,0,24,24,43,5
char_194.png,Z,29,1,15,15,27,3,26,4,13,17,26,4,13,17,20,10,21,9
char_180.png,,15,5,20,0,14,6,10,10,12,8,4,16,13,7,14,6,12,8
char_816.png,P,41,13,45,9,40,14,49,5,38,16,48,6,46,8,36,18,47,7
char_802.png,T,13,7,9,11,12,8,18,2,15,5,20,0,17,3,16,4,20,0
char_196.png,O,9,3,4,8,9,3,4,8,12,0,6,6,9,3,5,7,8,4
char_182.png,M,20,5,16,9,15,10,13,12,11,14,18,7,20,5,22,3,18,7
char_1074.png,,42,6,46,2,44,4,41,7,25,23,42,6,42,6,31,17,48,0
char_169.png,A,15,0,10,5,7,8,13,2,4,11,9,6,7,8,13,2,10,5
char_1712.png,K,48,0,45,3,48,0,45,3,21,27,40,8,45,3,25,23,35,13
char_1706.png,S,37,11,24,24,37,11,34,14,25,23,42,6,44,4,16,32,41,7
char_1060.png,,15,5,18,2,9,11,18,2,4,16,16,4,15,5,19,1,10,10
char_155.png,Y,12,3,12,3,15,0,8,7,8,7,10,5,10,5,8,7,8,7
char_1048.png,V,43,5,47,1,48,0,42,6,32,16,32,16,44,4,32,16,48,0
char_87.png,S,17,3,10,10,14,6,20,0,11,9,17,3,12,8,13,7,13,7
char_394.png,C,9,7,11,5,15,1,8,8,15,1,6,10,10,6,8,8,11,5
char_1289.png,,9,6,14,1,9,6,5,10,9,6,1,14,10,5,11,4,7,8
char_78.png,S,15,1,7,9,7,9,7,9,10,6,7,9,10,6,4,12,4,12
char_1510.png,D,47,1,42,6,47,1,45,3,22,26,43,5,42,6,26,22,46,2
char_1262.png,T,47,1,40,8,45,3,38,10,27,21,47,1,45,3,42,6,48,0
char_44.png,C,15,5,14,6,16,4,12,8,20,0,20,0,12,8,15,5,13,7
char_357.png,,14,2,9,7,14,2,9,7,16,0,16,0,10,6,10,6,12,4
char_50.png,G,22,3,19,6,18,7,14,11,21,4,17,8,15,10,10,15,9,16
char_425.png,A,13,3,13,3,13,3,6,10,7,9,8,8,7,9,5,11,7,9
char_1464.png,,42,6,37,11,39,9,42,6,32,16,48,0,43,5,36,12,44,4
char_579.png,S,8,4,11,1,12,0,6,6,11,1,12,0,12,0,7,5,4,8
char_1302.png,S,16,4,13,7,11,9,19,1,11,9,15,5,11,9,12,8,15,5
char_1470.png,C,14,2,7,9,11,5,8,8,16,0,16,0,12,4,7,9,10,6
char_545.png,M,17,3,11,9,18,2,12,8,8,12,8,12,13,7,14,6,13,7
char_1458.png,,13,7,10,10,8,12,20,0,8,12,20,0,20,0,12,8,20,0
char_223.png,,15,5,13,7,18,2,10,10,11,9,13,7,16,4,13,7,13,7
char_960.png,,12,8,20,0,18,2,10,10,9,11,17,3,12,8,12,8,14,6
char_784.png,NO,44,4,37,11,39,9,40,8,24,24,45,3,39,9,35,13,48,0
char_1699.png,,9,3,11,1,6,6,7,5,3,9,10,2,6,6,5,7,9,3
char_1666.png,,17,3,6,14,15,5,11,9,7,13,12,8,12,8,10,10,10,10
char_1672.png,,18,2,11,9,11,9,14,6,3,17,17,3,10,10,6,14,17,3
char_1114.png,A,17,3,7,13,13,7,19,1,11,9,20,0,10,10,9,11,20,0
char_747.png,B,15,5,10,10,15,5,9,11,8,12,7,13,9,11,12,8,15,5
char_753.png,G,19,1,11,9,13,7,10,10,18,2,7,13,16,4,14,6,8,12
char_1128.png,,19,1,11,9,12,8,15,5,6,14,9,11,13,7,9,11,12,8
char_1673.png,F,41,7,22,26,34,14,41,7,17,31,44,4,44,4,40,8,43,5
char_1101.png,G,41,7,44,4,44,4,42,6,27,21,43,5,46,2,33,15,28,20
char_1667.png,K,10,6,14,2,9,7,12,4,4,12,15,1,7,9,9,7,16,0
char_949.png,C,15,1,8,8,9,7,8,8,15,1,16,0,8,8,10,6,10,6
char_791.png,G,15,1,8,8,11,5,8,8,16,0,7,9,10,6,10,6,4,12
char_1698.png,Y,10,6,16,0,11,5,6,10,10,6,7,9,12,4,6,10,16,0
char_785.png,R,18,2,11,9,11,9,10,10,6,14,15,5,11,9,11,9,14,6
char_961.png,,44,4,26,22,39,9,46,2,36,12,48,0,48,0,48,0,48,0
char_1459.png,,15,5,10,10,14,6,11,9,9,11,13,7,11,9,11,9,16,4
char_222.png,,19,1,11,9,19,1,12,8,11,9,9,11,11,9,13,7,15,5
char_1471.png,S,11,9,7,13,16,4,18,2,6,14,11,9,12,8,7,13,17,3
char_578.png,X,48,0,48,0,48,0,48,0,28,20,48,0,48,0,31,17,48,0
char_342.png,S,11,9,16,4,9,11,19,1,14,6,10,10,14,6,12,8,13,7
char_424.png,G,17,3,12,8,13,7,9,11,16,4,8,12,18,2,13,7,11,9
char_51.png,,8,12,17,3,12,8,6,14,7,13,19,1,12,8,10,10,14,6
char_45.png,,14,11,11,14,25,0,20,5,11,14,17,8,15,10,15,10,23,2
char_1505.png,A,42,6,35,13,42,6,42,6,22,26,32,16,43,5,44,4,44,4
char_1511.png,F,39,9,17,31,37,11,34,14,26,22,44,4,40,8,45,3,47,1
char_79.png,J,10,2,6,6,5,7,12,0,12,0,6,6,5,7,8,4,4,8
char_86.png,,11,1,5,7,5,7,4,8,6,6,8,4,4,8,12,0,12,0
char_395.png,,12,4,16,0,9,7,8,8,7,9,4,12,8,8,7,9,7,9
char_140.png,F,8,4,7,5,5,7,4,8,6,6,7,5,4,8,12,0,12,0
char_1049.png,,44,4,40,8,40,8,39,9,30,18,40,8,43,5,33,15,38,10
char_154.png,J,16,0,11,5,7,9,13,3,14,2,12,4,11,5,8,8,14,2
char_1707.png,A,16,0,9,7,9,7,13,3,4,12,7,9,8,8,13,3,6,10
char_1713.png,,43,5,41,7,44,4,30,18,17,31,48,0,43,5,26,22,48,0
char_183.png,G,15,1,9,7,10,6,8,8,11,5,7,9,11,5,10,6,5,11
char_801.png,M,15,1,9,7,13,3,8,8,5,11,3,13,9,7,10,6,9,7
char_193.png,,9,7,16,0,14,2,8,8,16,0,8,8,11,5,10,6,5,11
char_622.png,,3,0,1,2,1,2,0,3,0,3,3,0,3,0,1,2,1,2
char_1071.png,A,16,4,11,9,20,0,14,6,9,11,12,8,11,9,12,8,9,11
char_178.png,F,16,4,12,8,14,6,8,12,12,8,18,2,13,7,20,0,20,0
char_1703.png,,37,11,30,18,40,8,30,18,43,5,48,0,45,3,31,17,40,8
char_391.png,,48,0,45,3,46,2,48,0,25,23,45,3,48,0,35,13,41,7
char_82.png,X,16,0,11,5,11,5,16,0,4,12,12,4,10,6,10,6,9,7
char_434.png,,18,2,11,9,14,6,9,11,6,14,19,1,14,6,14,6,12,8
char_1529.png,,14,4,18,0,18,0,11,7,18,0,18,0,5,13,6,12,7,11
char_55.png,V,10,6,16,0,13,3,8,8,12,4,10,6,13,3,4,12,16,0
char_346.png,Y,9,7,16,0,11,5,8,8,13,3,10,6,8,8,8,8,16,0
char_1273.png,X,13,3,15,1,10,6,11,5,5,11,15,1,8,8,8,8,15,1
char_1515.png,,42,6,44,4,45,3,42,6,23,25,38,10,42,6,35,13,43,5
char_408.png,Y,6,6,12,0,7,5,9,3,5,7,2,10,9,3,6,6,4,8
char_69.png,,48,0,48,0,47,1,45,3,20,28,48,0,43,5,43,5,48,0
char_1501.png,Y,10,6,16,0,12,4,6,10,13,3,7,9,10,6,6,10,16,0
char_540.png,,15,1,8,8,9,7,16,0,13,3,12,4,11,5,8,8,13,3
char_1449.png,,19,1,7,13,9,11,12,8,10,10,17,3,10,10,20,0,20,0
char_1313.png,J,14,6,15,5,14,6,12,8,9,11,10,10,12,8,11,9,13,7
char_781.png,A,13,2,10,5,6,9,10,5,5,10,6,9,6,9,13,2,10,5
char_959.png,J,20,0,11,9,11,9,12,8,12,8,20,0,17,3,9,11,20,0
char_1688.png,O,11,5,8,8,16,0,5,11,12,4,8,8,12,4,5,11,9,7
char_965.png,,19,1,12,8,15,5,9,11,9,11,18,2,16,4,14,6,13,7
char_742.png,B,48,0,38,10,48,0,39,9,21,27,48,0,38,10,24,24,48,0
char_1139.png,,48,0,38,10,48,0,48,0,35,13,48,0,48,0,42,6,48,0
char_756.png,J,12,0,7,5,4,8,11,1,12,0,7,5,7,5,6,6,7,5
char_1663.png,,4,8,12,0,8,4,8,4,5,7,2,10,10,2,8,4,5,7
char_1105.png,,43,5,47,1,48,0,31,17,21,27,37,11,40,8,38,10,43,5
char_1111.png,,12,4,13,3,13,3,9,7,7,9,8,8,12,4,5,11,4,12
char_1110.png,E,15,5,11,9,15,5,6,14,10,10,12,8,12,8,17,3,20,0
char_1104.png,,41,7,40,8,40,8,43,5,47,1,48,0,31,17,36,12,48,0
char_743.png,A,16,0,9,7,10,6,10,6,4,12,7,9,7,9,13,3,8,8
char_1138.png,A,18,2,10,10,10,10,9,11,9,11,11,9,14,6,13,7,17,3
char_970.png,S,11,9,20,0,18,2,16,4,11,9,9,11,11,9,13,7,14,6
char_964.png,P,16,0,8,8,10,6,10,6,8,8,11,5,7,9,16,0,16,0
char_794.png,,16,4,11,9,17,3,8,12,11,9,18,2,12,8,13,7,13,7
char_1689.png,,12,0,9,3,3,9,8,4,2,10,6,6,4,8,10,2,12,0
char_958.png,N,10,6,14,2,13,3,5,11,10,6,7,9,9,7,14,2,9,7
char_780.png,D,48,0,43,5,48,0,45,3,27,21,42,6,45,3,29,19,44,4
char_1474.png,,41,7,35,13,39,9,48,0,27,21,47,1,44,4,34,14,48,0
char_1312.png,V,15,5,20,0,15,5,11,9,17,3,12,8,16,4,6,14,20,0
char_1306.png,Y,41,7,40,8,48,0,42,6,26,22,46,2,44,4,29,19,42,6
char_555.png,Z,18,2,10,10,17,3,17,3,8,12,12,8,10,10,12,8,13,7
char_1448.png,M,23,1,14,10,22,2,11,13,13,11,6,18,14,10,13,11,16,8
char_227.png,S,16,0,9,7,8,8,16,0,8,8,14,2,10,6,7,9,7,9
char_541.png,,14,2,6,10,9,7,16,0,8,8,15,1,9,7,7,9,10,6
char_596.png,,13,2,8,7,6,9,5,10,10,5,7,8,10,5,9,6,7,8
char_582.png,Z,14,6,9,11,20,0,15,5,8,12,17,3,11,9,13,7,16,4
char_1500.png,Z,19,1,9,11,13,7,11,9,6,14,15,5,12,8,10,10,12,8
char_68.png,F,43,5,48,0,48,0,40,8,32,16,48,0,38,10,32,16,48,0
char_1266.png,,47,1,48,0,48,0,39,9,37,11,36,12,42,6,31,17,37,11
char_1272.png,U,10,6,16,0,6,10,8,8,16,0,7,9,11,5,8,8,8,8
char_409.png,S,12,0,5,7,6,6,11,1,10,2,5,7,8,4,6,6,5,7
char_54.png,,16,4,17,3,20,0,12,8,16,4,15,5,13,7,11,9,11,9
char_347.png,Z,15,5,10,10,16,4,14,6,10,10,14,6,11,9,11,9,13,7
char_1528.png,R,40,8,31,17,40,8,28,20,35,13,48,0,38,10,31,17,48,0
char_435.png,S,16,0,8,8,6,10,16,0,9,7,13,3,9,7,8,8,9,7
char_1299.png,A,17,7,14,10,11,13,14,10,11,13,10,14,18,6,17,7,16,8
char_83.png,,7,8,15,0,9,6,11,4,8,7,4,11,10,5,9,6,7,8
char_1702.png,,46,2,37,11,46,2,48,0,17,31,43,5,42,6,17,31,46,2
char_1070.png,,16,0,12,4,9,7,14,2,2,14,5,11,8,8,15,1,7,9
char_145.png,,46,2,46,2,46,2,41,7,31,17,31,17,48,0,33,15,43,5
char_1058.png,,15,9,12,12,13,11,24,0,15,9,24,0,19,5,21,3,24,0
char_637.png,A,15,0,8,7,7,8,8,7,8,7,4,11,10,5,15,0,8,7
char_151.png,,7,9,16,0,12,4,7,9,6,10,6,10,9,7,10,6,9,7
char_804.png,O,8,1,4,5,4,5,3,6,9,0,6,3,5,4,4,5,3,6
char_810.png,,9,0,9,0,7,2,6,3,9,0,5,4,5,4,3,6,4,5
char_838.png,R,13,2,8,7,9,6,5,10,3,12,12,3,10,5,15,0,9,6
char_192.png,T,11,5,6,10,6,10,16,0,12,4,12,4,16,0,8,8,16,0
char_184.png,J,13,3,7,9,11,5,16,0,11,5,12,4,11,5,9,7,12,4
char_1099.png,P,33,15,23,25,37,11,42,6,27,21,40,8,43,5,27,21,43,5
char_190.png,,15,1,9,7,9,7,8,8,5,11,13,3,8,8,8,8,10,6
char_812.png,,11,4,10,5,11,4,15,0,13,2,6,9,12,3,9,6,10,5
char_621.png,,16,4,9,11,16,4,16,4,6,14,12,8,15,5,9,11,11,9
char_147.png,K,13,7,19,1,14,6,7,13,14,6,20,0,9,11,12,8,15,5
char_153.png,Y,12,8,20,0,20,0,10,10,20,0,12,8,17,3,10,10,11,9
char_1728.png,,18,12,13,17,16,14,28,2,16,14,30,0,21,9,30,0,30,0
char_1072.png,F,42,6,32,16,43,5,32,16,25,23,46,2,45,3,47,1,48,0
char_1714.png,,37,11,37,11,40,8,41,7,26,22,38,10,34,14,31,17,35,13
char_81.png,Y,16,0,16,0,14,2,8,8,13,3,8,8,8,8,6,10,16,0
char_392.png,E,7,5,7,5,8,4,7,5,4,8,5,7,5,7,8,4,11,1
char_345.png,X,16,0,14,2,10,6,16,0,3,13,13,3,9,7,5,11,16,0
char_1258.png,L,5,3,4,4,8,0,4,4,4,4,8,0,4,4,3,5,7,1
char_56.png,U,10,6,16,0,10,6,7,9,16,0,8,8,8,8,10,6,8,8
char_423.png,S,10,2,6,6,5,7,6,6,12,0,12,0,7,5,6,6,8,4
char_1264.png,C,11,9,9,11,19,1,4,16,17,3,20,0,14,6,7,13,12,8
char_1502.png,,6,6,9,3,9,3,12,0,2,10,4,8,10,2,9,3,6,6
char_1270.png,D,9,3,5,7,10,2,5,7,9,3,5,7,6,6,5,7,4,8
char_580.png,P,11,1,6,6,6,6,5,7,5,7,5,7,4,8,12,0,12,0
char_231.png,,8,4,6,6,11,1,5,7,12,0,7,5,9,3,4,8,6,6
char_543.png,,47,1,33,15,48,0,48,0,27,21,48,0,45,3,26,22,43,5
char_1338.png,S,13,3,13,3,16,0,8,8,16,0,16,0,6,10,7,9,6,10
char_1310.png,,13,7,15,5,18,2,16,4,13,7,10,10,17,3,11,9,8,12
char_1462.png,,14,6,17,3,12,8,15,5,7,13,20,0,12,8,13,7,20,0
char_219.png,K,10,6,13,3,13,3,5,11,11,5,16,0,6,10,7,9,9,7
char_796.png,Y,16,4,15,5,19,1,11,9,12,8,14,6,14,6,12,8,13,7
char_782.png,F,47,1,32,16,48,0,37,11,31,17,48,0,43,5,48,0,48,0
char_972.png,,11,5,8,8,16,0,9,7,6,10,12,4,12,4,9,7,14,2
char_999.png,,25,0,11,14,17,8,17,8,14,11,25,0,19,6,12,13,25,0
char_1674.png,S,36,12,36,12,37,11,36,12,24,24,36,12,41,7,18,30,34,14
char_769.png,J,9,6,14,1,6,9,15,0,11,4,6,9,8,7,10,5,6,9
char_1112.png,,19,6,25,0,23,2,11,14,14,11,21,4,16,9,13,12,16,9
char_1660.png,K,48,0,41,7,46,2,48,0,20,28,48,0,45,3,40,8,48,0
char_768.png,K,12,4,15,1,11,5,13,3,4,12,15,1,8,8,8,8,16,0
char_1649.png,P,15,0,10,5,6,9,8,7,5,10,7,8,6,9,15,0,15,0
char_797.png,P,12,0,6,6,5,7,6,6,4,8,3,9,5,7,12,0,12,0
char_1305.png,O,11,1,6,6,9,3,7,5,11,1,5,7,5,7,8,4,4,8
char_218.png,S,15,1,9,7,10,6,8,8,8,8,11,5,8,8,11,5,6,10
char_1311.png,,15,5,9,11,14,6,18,2,6,14,11,9,16,4,9,11,12,8
char_1477.png,,46,2,47,1,48,0,37,11,29,19,47,1,35,13,29,19,42,6
char_542.png,,10,6,16,0,16,0,8,8,16,0,16,0,8,8,7,9,8,8
char_224.png,,14,1,8,7,6,9,6,9,6,9,10,5,9,6,10,5,15,0
char_1339.png,J,18,2,14,6,17,3,10,10,14,6,11,9,11,9,7,13,11,9
char_581.png,,16,4,14,6,12,8,12,8,8,12,9,11,13,7,16,4,15,5
char_1488.png,U,41,7,41,7,42,6,39,9,36,12,35,13,46,2,36,12,47,1
char_595.png,A,20,0,14,6,9,11,15,5,7,13,10,10,12,8,17,3,14,6
char_1517.png,N,48,0,42,6,48,0,46,2,26,22,48,0,35,13,35,13,48,0
char_1503.png,U,19,5,20,4,21,3,14,10,14,10,16,8,16,8,10,14,11,13
char_1259.png,,48,0,37,11,40,8,33,15,25,23,39,9,32,16,28,20,47,1
char_422.png,J,19,1,12,8,11,9,17,3,17,3,14,6,15,5,13,7,10,10
char_57.png,A,16,8,19,5,21,3,19,5,13,11,16,8,13,11,10,14,14,10
char_393.png,,16,4,18,2,20,0,12,8,20,0,20,0,9,11,10,10,11,9
char_387.png,B,18,2,10,10,12,8,12,8,7,13,15,5,9,11,16,4,8,12
char_1073.png,E,48,0,44,4,48,0,48,0,36,12,48,0,48,0,40,8,48,0
char_1701.png,A,48,0,41,7,45,3,48,0,19,29,40,8,48,0,34,14,42,6
char_1729.png,I,16,4,20,0,14,6,10,10,20,0,10,10,13,7,10,10,7,13
char_620.png,X,14,2,13,3,9,7,16,0,2,14,16,0,7,9,7,9,14,2
char_146.png,G,14,2,8,8,8,8,9,7,10,6,12,4,11,5,6,10,3,13
char_807.png,X,12,0,7,5,11,1,12,0,7,5,3,9,9,3,4,8,4,8
char_191.png,,14,2,6,10,9,7,16,0,10,6,16,0,11,5,5,11,14,2
char_185.png,,14,6,20,0,20,0,12,8,20,0,20,0,10,10,10,10,12,8
char_1799.png,U,39,9,44,4,43,5,33,15,35,13,43,5,42,6,30,18,48,0
char_848.png,,2,0,0,2,1,1,2,0,0,2,2,0,2,0,0,2,2,0
char_690.png,,12,4,14,2,16,0,7,9,16,0,16,0,5,11,8,8,8,8
char_1000.png,,6,6,10,2,6,6,3,9,1,11,2,10,7,5,5,7,5,7
char_109.png,,40,8,43,5,46,2,45,3,30,18,42,6,48,0,42,6,48,0
char_1772.png,Y,9,7,16,0,9,7,5,11,11,5,6,10,12,4,2,14,16,0
char_121.png,A,20,0,13,7,18,2,19,1,7,13,13,7,13,7,18,2,13,7
char_653.png,,19,1,10,10,12,8,10,10,8,12,11,9,13,7,20,0,20,0
char_1202.png,V,48,0,46,2,48,0,38,10,37,11,48,0,38,10,34,14,48,0
char_479.png,A,15,0,10,5,7,8,12,3,3,12,7,8,7,8,15,0,6,9
char_1570.png,,42,6,29,19,33,15,47,1,28,20,47,1,48,0,40,8,48,0
char_1216.png,C,16,0,10,6,9,7,8,8,14,2,16,0,8,8,9,7,11,5
char_323.png,,13,3,9,7,11,5,6,10,8,8,14,2,8,8,16,0,16,0
char_445.png,,16,0,13,3,10,6,14,2,7,9,16,0,9,7,16,0,16,0
char_30.png,,11,5,13,3,10,6,10,6,7,9,16,0,10,6,8,8,16,0
char_1558.png,,48,0,47,1,41,7,34,14,47,1,41,7,35,13,29,19,48,0
char_1376.png,R,16,4,8,12,10,10,9,11,3,17,18,2,10,10,16,4,9,11
char_1410.png,,47,1,35,13,45,3,38,10,34,14,37,11,38,10,32,16,44,4
char_1404.png,D,13,3,6,10,15,1,10,6,13,3,6,10,6,10,6,10,8,8
char_531.png,,45,3,41,7,48,0,46,2,34,14,48,0,43,5,40,8,48,0
char_1438.png,K,42,6,42,6,46,2,42,6,21,27,44,4,40,8,28,20,40,8
char_243.png,R,8,7,7,8,13,2,5,10,5,10,13,2,7,8,11,4,4,11
char_1809.png,U,10,6,16,0,14,2,7,9,16,0,8,8,10,6,7,9,6,10
char_914.png,A,25,0,14,11,15,10,15,10,11,14,14,11,16,9,21,4,22,3
char_6.png,,48,0,34,14,44,4,37,11,29,19,45,3,47,1,26,22,48,0
char_928.png,,11,1,5,7,7,5,5,7,5,7,6,6,4,8,12,0,12,0
char_1612.png,A,16,2,14,4,16,2,10,8,12,6,12,6,10,8,4,14,10,8
char_1606.png,,48,0,41,7,46,2,48,0,30,18,46,2,43,5,34,14,48,0
char_727.png,,16,0,7,9,9,7,10,6,9,7,13,3,8,8,16,0,16,0
char_726.png,,15,1,8,8,13,3,8,8,11,5,2,14,8,8,14,2,9,7
char_732.png,Y,11,5,16,0,9,7,7,9,11,5,12,4,12,4,10,6,16,0
char_1149.png,,15,10,21,4,23,2,10,15,15,10,25,0,16,9,12,13,17,8
char_1607.png,C,48,0,45,3,38,10,40,8,23,25,42,6,48,0,40,8,48,0
char_1175.png,A,47,1,48,0,47,1,26,22,45,3,37,11,42,6,27,21,46,2
char_929.png,,16,0,6,10,11,5,16,0,13,3,10,6,10,6,10,6,8,8
char_901.png,X,14,2,14,2,9,7,15,1,4,12,15,1,9,7,8,8,15,1
char_1439.png,P,39,9,41,7,39,9,31,17,48,0,48,0,24,24,34,14,48,0
char_242.png,A,19,1,10,10,12,8,12,8,10,10,6,14,13,7,20,0,11,9
char_256.png,,14,2,14,2,13,3,8,8,8,8,3,13,7,9,10,6,5,11
char_530.png,L,48,0,44,4,48,0,48,0,36,12,48,0,46,2,40,8,48,0
char_1405.png,F,19,1,9,11,8,12,12,8,10,10,15,5,7,13,20,0,20,0
char_1377.png,U,48,0,47,1,45,3,48,0,36,12,34,14,48,0,32,16,43,5
char_295.png,,8,8,8,8,6,10,15,1,8,8,16,0,11,5,8,8,16,0
char_336.png,,14,1,8,7,9,6,7,8,5,10,12,3,8,7,10,5,10,5
char_1559.png,,41,7,40,8,40,8,36,12,26,22,36,12,40,8,35,13,34,14
char_444.png,,0,4,3,1,2,2,0,4,4,0,4,0,2,2,4,0,4,0
char_19.png,,9,7,16,0,13,3,5,11,12,4,8,8,9,7,10,6,7,9
char_1217.png,G,16,4,13,7,12,8,9,11,12,8,7,13,19,1,13,7,9,11
char_1203.png,A,20,0,13,7,8,12,14,6,4,16,9,11,13,7,19,1,13,7
char_1029.png,A,48,0,42,6,48,0,48,0,36,12,48,0,48,0,40,8,48,0
char_646.png,,10,6,7,9,10,6,5,11,8,8,14,2,8,8,16,0,16,0
char_120.png,,16,8,22,2,22,2,15,9,16,8,14,10,15,9,6,18,12,12
char_108.png,M,17,3,14,6,20,0,13,7,9,11,9,11,15,5,15,5,16,4
char_1773.png,K,9,3,10,2,9,3,11,1,1,11,5,7,6,6,7,5,5,7
char_1767.png,,48,0,42,6,46,2,48,0,18,30,48,0,46,2,38,10,48,0
char_1001.png,,13,7,20,0,20,0,11,9,20,0,20,0,10,10,10,10,10,10
char_691.png,,19,6,14,11,25,0,11,14,21,4,25,0,19,6,14,11,18,7
char_1798.png,,9,7,9,7,15,1,6,10,14,2,6,10,15,1,6,10,7,9
char_875.png,O,13,3,8,8,13,3,8,8,16,0,8,8,13,3,9,7,9,7
char_877.png,,8,7,14,1,11,4,14,1,9,6,6,9,10,5,9,6,9,6
char_863.png,K,13,7,17,3,15,5,6,14,15,5,20,0,14,6,11,9,14,6
char_693.png,P,14,1,7,8,8,7,7,8,10,5,9,6,7,8,15,0,15,0
char_687.png,K,12,8,19,1,15,5,9,11,11,9,19,1,9,11,11,9,14,6
char_1771.png,P,18,2,9,11,10,10,14,6,7,13,9,11,11,9,11,9,14,6
char_1017.png,,14,10,10,14,12,12,24,0,16,8,24,0,21,3,22,2,24,0
char_1003.png,A,16,4,15,5,17,3,11,9,11,9,10,10,14,6,15,5,17,3
char_678.png,F,45,3,48,0,48,0,45,3,12,36,45,3,45,3,37,11,48,0
char_650.png,A,15,1,7,9,9,7,15,1,8,8,16,0,9,7,11,5,12,4
char_888.png,,14,6,18,2,11,9,7,13,7,13,11,9,12,8,13,7,15,5
char_136.png,R,19,1,10,10,12,8,12,8,7,13,16,4,10,10,13,7,15,5
char_122.png,Z,20,0,11,9,15,5,19,1,12,8,17,3,15,5,6,14,12,8
char_1759.png,R,14,6,9,11,13,7,8,12,6,14,17,3,14,6,15,5,9,11
char_1598.png,U,45,3,43,5,42,6,32,16,34,14,38,10,38,10,30,18,47,1
char_485.png,D,12,4,12,4,16,0,8,8,13,3,7,9,9,7,8,8,13,3
char_1573.png,V,42,6,48,0,48,0,41,7,25,23,39,9,43,5,31,17,48,0
char_334.png,K,14,10,15,9,20,4,6,18,18,6,24,0,21,3,16,8,15,9
char_1229.png,,16,4,12,8,11,9,16,4,10,10,20,0,20,0,11,9,20,0
char_27.png,,16,0,11,5,16,0,11,5,15,1,16,0,7,9,8,8,8,8
char_446.png,X,16,0,11,5,10,6,15,1,3,13,15,1,10,6,9,7,14,2
char_297.png,U,10,6,16,0,12,4,8,8,16,0,8,8,10,6,8,8,9,7
char_1407.png,M,48,0,46,2,48,0,36,12,21,27,29,19,42,6,46,2,42,6
char_1413.png,U,48,0,48,0,43,5,48,0,36,12,34,14,48,0,30,18,45,3
char_1375.png,,12,0,6,6,6,6,6,6,3,9,5,7,4,8,4,8,7,5
char_526.png,A,20,0,15,5,8,12,16,4,7,13,7,13,11,9,17,3,8,12
char_532.png,K,15,9,17,7,21,3,7,17,21,3,24,0,22,2,18,6,16,8
char_1349.png,,10,6,16,0,11,5,9,7,16,0,6,10,10,6,8,8,11,5
char_903.png,J,16,4,15,5,17,3,16,4,9,11,13,7,10,10,11,9,12,8
char_917.png,C,17,3,10,10,17,3,9,11,20,0,20,0,15,5,12,8,12,8
char_1188.png,S,22,3,14,11,15,10,25,0,18,7,20,5,16,9,16,9,14,11
char_1177.png,Y,46,2,43,5,48,0,36,12,36,12,40,8,38,10,30,18,46,2
char_1639.png,M,36,12,37,11,40,8,44,4,13,35,27,21,42,6,37,11,40,8
char_1638.png,,43,5,43,5,41,7,33,15,48,0,48,0,36,12,32,16,43,5
char_1604.png,,38,10,29,19,40,8,42,6,19,29,47,1,42,6,25,23,41,7
char_1189.png,X,47,1,44,4,40,8,48,0,30,18,43,5,48,0,24,24,48,0
char_4.png,A,20,0,11,9,14,6,8,12,10,10,8,12,12,8,20,0,7,13
char_255.png,G,24,1,15,10,15,10,15,10,15,10,23,2,20,5,12,13,20,5
char_1348.png,Y,10,6,16,0,12,4,8,8,15,1,7,9,14,2,4,12,15,1
char_527.png,,12,3,8,7,6,9,5,10,6,9,6,9,5,10,9,6,8,7
char_1412.png,,14,6,20,0,20,0,12,8,20,0,20,0,10,10,7,13,9,11
char_447.png,Z,19,1,12,8,10,10,20,0,10,10,10,10,12,8,11,9,12,8
char_1228.png,R,17,8,12,13,25,0,12,13,10,15,25,0,19,6,19,6,18,7
char_335.png,N,18,2,10,10,18,2,8,12,6,14,9,11,10,10,12,8,16,4
char_453.png,B,18,0,11,7,7,11,10,8,10,8,5,13,8,10,12,6,10,8
char_26.png,,14,6,10,10,19,1,16,4,16,4,12,8,13,7,13,7,12,8
char_1566.png,J,15,1,8,8,9,7,16,0,8,8,16,0,10,6,4,12,16,0
char_484.png,C,45,3,38,10,45,3,41,7,29,19,47,1,43,5,27,21,45,3
char_1599.png,O,40,8,24,24,40,8,45,3,24,24,38,10,48,0,40,8,47,1
char_123.png,J,16,0,7,9,10,6,13,3,13,3,9,7,9,7,10,6,9,7
char_1758.png,L,30,18,24,24,31,17,40,8,30,18,48,0,45,3,40,8,48,0
char_651.png,,10,6,13,3,10,6,6,10,11,5,16,0,6,10,7,9,8,8
char_1764.png,,36,12,40,8,40,8,31,17,37,11,40,8,44,4,29,19,37,11
char_679.png,,16,0,11,5,6,10,11,5,5,11,4,12,9,7,16,0,8,8
char_1770.png,U,11,9,20,0,14,6,12,8,19,1,8,12,18,2,7,13,17,3
char_686.png,F,11,5,7,9,11,5,7,9,7,9,11,5,5,11,16,0,16,0
char_692.png,M,15,5,11,9,13,7,12,8,10,10,6,14,14,6,14,6,14,6
char_862.png,V,45,3,39,9,40,8,38,10,27,21,45,3,42,6,36,12,48,0
char_696.png,,12,8,16,4,16,4,14,6,13,7,13,7,16,4,14,6,10,10
char_872.png,P,15,1,8,8,10,6,9,7,8,8,9,7,8,8,16,0,16,0
char_133.png,A,21,3,13,11,20,4,11,13,17,7,18,6,14,10,17,7,11,13
char_1748.png,M,34,14,22,26,30,18,27,21,27,21,33,15,37,11,46,2,44,4
char_899.png,S,16,0,8,8,9,7,16,0,9,7,15,1,12,4,12,4,7,9
char_1774.png,A,20,0,12,8,12,8,14,6,7,13,9,11,11,9,19,1,11,9
char_1760.png,,16,0,5,11,4,12,16,0,13,3,7,9,9,7,7,9,9,7
char_1006.png,,42,6,40,8,40,8,39,9,34,14,33,15,43,5,32,16,42,6
char_494.png,P,48,0,31,17,48,0,48,0,26,22,48,0,48,0,43,5,48,0
char_1589.png,,13,2,9,6,8,7,5,10,5,10,5,10,7,8,9,6,8,7
char_480.png,,15,0,8,7,7,8,7,8,13,2,5,10,5,10,8,7,7,8
char_22.png,P,8,4,6,6,5,7,4,8,8,4,6,6,4,8,11,1,12,0
char_1238.png,O,42,6,34,14,40,8,35,13,28,20,47,1,41,7,30,18,48,0
char_443.png,,12,3,12,3,7,8,15,0,10,5,3,12,12,3,9,6,5,10
char_1576.png,R,15,1,6,10,10,6,8,8,3,13,14,2,5,11,8,8,8,8
char_1210.png,,15,5,10,10,10,10,7,13,11,9,13,7,12,8,20,0,20,0
char_319.png,I,48,0,41,7,48,0,48,0,36,12,48,0,48,0,43,5,48,0
char_1204.png,R,13,2,8,7,7,8,5,10,4,11,8,7,7,8,8,7,6,9
char_1562.png,,9,7,14,2,12,4,6,10,9,7,15,1,5,11,7,9,8,8
char_286.png,,11,5,15,1,10,6,9,7,7,9,6,10,7,9,7,9,7,9
char_292.png,,15,0,7,8,6,9,8,7,8,7,10,5,6,9,14,1,15,0
char_523.png,,48,0,44,4,48,0,48,0,25,23,42,6,48,0,33,15,46,2
char_245.png,U,42,6,32,16,46,2,42,6,27,21,47,1,42,6,42,6,48,0
char_1358.png,F,46,2,33,15,46,2,35,13,20,28,48,0,35,13,48,0,48,0
char_251.png,,13,3,8,8,15,1,7,9,14,2,16,0,15,1,10,6,9,7
char_537.png,P,19,1,10,10,12,8,12,8,10,10,13,7,10,10,20,0,20,0
char_1402.png,S,47,1,43,5,43,5,45,3,16,32,43,5,48,0,24,24,38,10
char_1364.png,,17,3,9,11,10,10,8,12,9,11,14,6,9,11,20,0,20,0
char_1370.png,,42,6,48,0,46,2,43,5,33,15,28,20,45,3,36,12,30,18
char_1416.png,S,17,8,15,10,18,7,19,6,15,10,25,0,17,8,13,12,19,6
char_1199.png,X,12,4,14,2,10,6,14,2,3,13,13,3,8,8,9,7,14,2
char_906.png,J,12,8,14,6,13,7,17,3,16,4,9,11,14,6,12,8,13,7
char_721.png,P,48,0,32,16,48,0,42,6,34,14,48,0,42,6,48,0,48,0
char_735.png,O,8,1,3,6,5,4,4,5,9,0,5,4,4,5,5,4,4,5
char_1166.png,,40,8,37,11,40,8,48,0,22,26,36,12,48,0,29,19,44,4
char_1600.png,,44,4,25,23,35,13,46,2,23,25,46,2,42,6,46,2,48,0
char_709.png,F,13,3,8,8,11,5,7,9,8,8,10,6,6,10,16,0,16,0
char_1172.png,,39,9,39,9,40,8,37,11,29,19,48,0,43,5,27,21,43,5
char_1615.png,R,17,3,8,12,16,4,8,12,8,12,18,2,13,7,11,9,11,9
char_708.png,A,15,0,6,9,7,8,7,8,5,10,4,11,10,5,15,0,6,9
char_1173.png,M,40,8,40,8,40,8,23,25,26,22,39,9,37,11,37,11,38,10
char_1167.png,A,20,0,12,8,10,10,18,2,7,13,8,12,12,8,20,0,9,11
char_1601.png,J,18,2,9,11,10,10,19,1,11,9,20,0,13,7,10,10,16,4
char_734.png,,3,0,2,1,0,3,3,0,0,3,0,3,3,0,2,1,1,2
char_1629.png,D,43,5,33,15,39,9,48,0,25,23,41,7,48,0,23,25,42,6
char_913.png,F,46,2,33,15,40,8,45,3,19,29,46,2,45,3,42,6,48,0
char_1371.png,O,42,6,45,3,46,2,44,4,22,26,35,13,40,8,29,19,38,10
char_1417.png,Y,42,6,38,10,48,0,43,5,30,18,45,3,48,0,29,19,44,4
char_1403.png,,14,2,8,8,12,4,6,10,16,0,16,0,13,3,9,7,8,8
char_278.png,B,18,0,10,8,9,9,9,9,13,5,7,11,9,9,14,4,9,9
char_1365.png,,10,5,10,5,10,5,5,10,5,10,1,14,11,4,11,4,5,10
char_250.png,E,42,6,44,4,48,0,34,14,36,12,48,0,40,8,40,8,42,6
char_536.png,,13,7,20,0,14,6,9,11,15,5,6,14,14,6,20,0,8,12
char_1359.png,I,44,4,44,4,48,0,46,2,36,12,48,0,48,0,40,8,48,0
char_244.png,,47,1,43,5,48,0,35,13,31,17,48,0,40,8,31,17,48,0
char_318.png,A,48,0,48,0,48,0,38,10,27,21,45,3,37,11,35,13,48,0
char_1563.png,,44,4,32,16,44,4,38,10,24,24,34,14,42,6,41,7,46,2
char_1239.png,R,14,1,8,7,6,9,8,7,5,10,7,8,7,8,9,6,6,9
char_442.png,U,18,6,24,0,23,1,17,7,15,9,18,6,13,11,8,16,15,9
char_23.png,R,17,3,9,11,18,2,7,13,9,11,20,0,12,8,14,6,11,9
char_481.png,D,48,0,40,8,48,0,47,1,17,31,45,3,48,0,45,3,48,0
char_1588.png,A,14,1,9,6,7,8,7,8,7,8,5,10,6,9,15,0,8,7
char_495.png,,44,4,40,8,47,1,47,1,22,26,37,11,44,4,32,16,41,7
char_1761.png,U,41,7,41,7,38,10,36,12,32,16,44,4,47,1,36,12,48,0
char_1007.png,,8,4,10,2,10,2,6,6,10,2,3,9,10,2,4,8,1,11
char_1775.png,T,42,6,39,9,43,5,42,6,32,16,48,0,47,1,33,15,40,8
char_898.png,M,15,1,8,8,13,3,10,6,6,10,4,12,8,8,12,4,12,4
char_640.png,G,14,1,8,7,8,7,5,10,12,3,5,10,14,1,9,6,4,11
char_1749.png,,36,12,40,8,40,8,38,10,26,22,37,11,34,14,32,16,45,3
char_867.png,,41,7,40,8,40,8,38,10,25,23,44,4,48,0,41,7,48,0
char_873.png,,16,0,9,7,8,8,16,0,15,1,8,8,9,7,8,8,10,6
char_683.png,E,12,4,7,9,12,4,10,6,7,9,11,5,6,10,10,6,12,4
char_859.png,F,10,6,8,8,12,4,5,11,8,8,14,2,7,9,16,0,16,0
char_1788.png,,43,5,34,14,41,7,46,2,23,25,41,7,48,0,48,0,48,0
char_695.png,K,12,0,10,2,7,5,12,0,0,12,11,1,7,5,7,5,7,5
char_871.png,R,16,0,9,7,6,10,12,4,15,1,8,8,11,5,8,8,13,3
char_124.png,U,10,6,16,0,15,1,6,10,16,0,8,8,10,6,11,5,8,8
char_1039.png,P,15,0,9,6,8,7,8,7,7,8,8,7,7,8,15,0,15,0
char_656.png,B,14,6,20,0,20,0,12,8,20,0,20,0,10,10,10,10,13,7
char_1005.png,,42,6,44,4,44,4,42,6,28,20,37,11,43,5,39,9,48,0
char_118.png,R,15,1,9,7,13,3,7,9,7,9,13,3,10,6,10,6,11,5
char_1777.png,F,42,6,34,14,36,12,48,0,21,27,45,3,46,2,19,29,39,9
char_1011.png,O,9,3,4,8,8,4,7,5,11,1,6,6,6,6,8,4,5,7
char_440.png,,11,9,9,11,11,9,19,1,10,10,20,0,13,7,19,1,20,0
char_332.png,S,11,1,5,7,11,1,5,7,9,3,3,9,12,0,7,5,5,7
char_1549.png,D,42,6,36,12,46,2,42,6,19,29,42,6,43,5,34,14,48,0
char_454.png,A,18,2,10,10,12,8,11,9,10,10,11,9,13,7,19,1,11,9
char_1561.png,,42,6,47,1,44,4,35,13,33,15,36,12,34,14,32,16,41,7
char_1207.png,F,46,2,27,21,45,3,36,12,30,18,47,1,42,6,48,0,48,0
char_1213.png,M,47,1,41,7,46,2,35,13,24,24,31,17,42,6,44,4,36,12
char_468.png,A,14,2,6,10,16,0,7,9,8,8,5,11,8,8,10,6,14,2
char_1575.png,,16,2,11,7,15,3,8,10,8,10,4,14,10,8,7,11,10,8
char_291.png,A,16,0,10,6,14,2,15,1,4,12,10,6,8,8,14,2,7,9
char_1429.png,C,47,1,44,4,40,8,46,2,28,20,46,2,48,0,34,14,42,6
char_246.png,,48,0,39,9,42,6,42,6,32,16,48,0,42,6,25,23,48,0
char_1401.png,F,48,0,28,20,46,2,39,9,29,19,48,0,35,13,48,0,48,0
char_911.png,B,15,0,10,5,6,9,11,4,3,12,6,9,7,8,9,6,4,11
char_736.png,L,12,6,14,4,14,4,10,8,12,6,12,6,11,7,5,13,11,7
char_1171.png,C,15,1,8,8,10,6,6,10,15,1,16,0,6,10,10,6,10,6
char_1603.png,P,20,0,12,8,9,11,16,4,7,13,12,8,10,10,19,1,20,0
char_1602.png,O,12,4,7,9,13,3,5,11,15,1,6,10,12,4,6,10,6,10
char_1616.png,,47,1,43,5,48,0,45,3,25,23,48,0,42,6,41,7,48,0
char_723.png,J,16,0,7,9,10,6,16,0,10,6,13,3,10,6,6,10,15,1
char_1158.png,S,8,4,4,8,10,2,4,8,12,0,5,7,5,7,6,6,4,8
char_904.png,,12,8,9,11,20,0,19,1,8,12,15,5,15,5,12,8,18,2
char_1366.png,M,47,1,48,0,48,0,45,3,24,24,30,18,35,13,35,13,37,11
char_1400.png,A,15,1,7,9,9,7,3,13,6,10,8,8,6,10,12,4,8,8
char_509.png,,16,4,10,10,18,2,7,13,11,9,19,1,12,8,13,7,14,6
char_1414.png,V,14,4,7,11,13,5,10,8,10,8,3,15,11,7,13,5,12,6
char_247.png,F,11,4,8,7,10,5,5,10,9,6,12,3,8,7,14,1,15,0
char_535.png,,7,5,4,8,9,3,4,8,4,8,7,5,6,6,9,3,12,0
char_284.png,G,19,1,12,8,14,6,9,11,17,3,12,8,17,3,14,6,11,9
char_290.png,,14,6,19,1,20,0,14,6,20,0,20,0,13,7,11,9,13,7
char_1212.png,,10,6,10,6,16,0,6,10,9,7,7,9,5,11,7,9,11,5
char_1574.png,,44,4,46,2,41,7,35,13,30,18,34,14,42,6,30,18,39,9
char_469.png,,20,0,10,10,14,6,15,5,13,7,12,8,10,10,9,11,11,9
char_1206.png,E,15,5,8,12,13,7,17,3,6,14,14,6,8,12,7,13,14,6
char_333.png,T,9,7,7,9,11,5,16,0,8,8,16,0,9,7,7,9,16,0
char_455.png,,11,1,6,6,9,3,6,6,11,1,12,0,6,6,7,5,10,2
char_1548.png,A,20,0,12,8,11,9,16,4,6,14,8,12,11,9,18,2,10,10
char_20.png,,12,8,18,2,15,5,9,11,7,13,19,1,12,8,14,6,16,4
char_441.png,,8,4,12,0,12,0,6,6,12,0,8,4,5,7,10,2,5,7
char_327.png,G,22,3,15,10,16,9,15,10,15,10,24,1,15,10,6,19,22,3
char_496.png,,46,2,45,3,48,0,37,11,31,17,48,0,34,14,33,15,48,0
char_482.png,,40,8,28,20,39,9,48,0,22,26,46,2,48,0,35,13,48,0
char_1776.png,,43,5,44,4,41,7,32,16,35,13,48,0,29,19,32,16,48,0
char_1010.png,,48,0,45,3,43,5,48,0,24,24,43,5,45,3,31,17,48,0
char_1004.png,P,12,0,7,5,5,7,9,3,2,10,5,7,5,7,10,2,12,0
char_1762.png,,17,3,12,8,20,0,8,12,6,14,11,9,10,10,15,5,15,5
char_657.png,Z,20,0,10,10,16,4,18,2,6,14,12,8,11,9,14,6,12,8
char_1038.png,,5,7,11,1,9,3,4,8,5,7,8,4,4,8,5,7,9,3
char_125.png,O,15,1,8,8,9,7,7,9,15,1,8,8,8,8,10,6,10,6
char_643.png,,46,2,48,0,46,2,36,12,48,0,48,0,34,14,33,15,48,0
char_694.png,S,16,4,13,7,14,6,19,1,11,9,19,1,12,8,11,9,14,6
char_1789.png,M,40,8,39,9,40,8,46,2,16,32,30,18,46,2,40,8,41,7
